Day,Philadelphia 76ers: (Worldwide),Watch NBA: (Worldwide),NBA Live Stream: (Worldwide),NBA Reddit: (Worldwide)
2017-10-16,10,1,<1,4
2017-10-17,11,6,3,11
2017-10-18,29,11,16,48
2017-10-19,47,5,5,25
2017-10-20,28,5,8,30
2017-10-21,37,5,6,24
2017-10-22,22,5,6,24
2017-10-23,17,3,4,17
2017-10-24,28,4,4,21
2017-10-25,20,4,4,16
2017-10-26,27,4,5,25
2017-10-27,10,3,3,17
2017-10-28,12,5,6,24
2017-10-29,24,3,5,21
2017-10-30,13,3,2,15
2017-10-31,25,2,3,18
2017-11-01,17,2,3,17
2017-11-02,29,2,3,15
2017-11-03,20,3,4,19
2017-11-04,34,3,5,23
2017-11-05,14,3,4,19
2017-11-06,13,2,3,17
2017-11-07,16,2,3,14
2017-11-08,32,3,4,20
2017-11-09,17,2,3,18
2017-11-10,27,3,3,22
2017-11-11,15,2,4,15
2017-11-12,34,4,6,28
2017-11-13,12,1,1,7
2017-11-14,28,4,4,23
2017-11-15,18,2,3,13
2017-11-16,63,3,4,21
2017-11-17,21,3,5,21
2017-11-18,22,2,3,20
2017-11-19,65,3,5,22
2017-11-20,18,1,2,11
2017-11-21,27,2,3,18
2017-11-22,16,1,2,11
2017-11-23,27,3,6,25
2017-11-24,14,1,1,5
2017-11-25,16,3,4,15
2017-11-26,31,2,3,20
2017-11-27,21,1,1,6
2017-11-28,39,2,5,20
2017-11-29,19,2,2,11
2017-11-30,35,3,4,23
2017-12-01,31,3,3,15
2017-12-02,18,3,4,17
2017-12-03,32,2,4,17
2017-12-04,16,1,3,13
2017-12-05,21,2,3,16
2017-12-06,12,2,2,11
2017-12-07,19,2,3,14
2017-12-08,45,1,2,14
2017-12-09,16,3,4,21
2017-12-10,34,4,7,22
2017-12-11,19,1,1,8
2017-12-12,13,3,3,16
2017-12-13,27,2,3,15
2017-12-14,14,1,2,12
2017-12-15,15,2,4,16
2017-12-16,47,2,3,17
2017-12-17,12,3,5,20
2017-12-18,14,2,1,6
2017-12-19,25,5,5,25
2017-12-20,21,2,2,12
2017-12-21,14,4,5,20
2017-12-22,23,2,3,16
2017-12-23,18,2,4,18
2017-12-24,17,2,4,16
2017-12-25,46,9,13,32
2017-12-26,14,3,3,16
2017-12-27,11,1,2,11
2017-12-28,12,2,3,16
2017-12-29,23,2,2,15
2017-12-30,12,2,4,14
2017-12-31,18,3,5,16
2018-01-01,21,1,2,14
2018-01-02,10,2,2,10
2018-01-03,12,3,4,17
2018-01-04,22,4,8,27
2018-01-05,12,2,4,13
2018-01-06,26,4,6,22
2018-01-07,11,2,4,13
2018-01-08,9,1,2,11
2018-01-09,9,2,3,13
2018-01-10,11,1,2,12
2018-01-11,31,2,4,17
2018-01-12,14,2,3,13
2018-01-13,10,2,4,18
2018-01-14,8,3,4,18
2018-01-15,20,2,4,14
2018-01-16,12,4,7,23
2018-01-17,10,2,1,12
2018-01-18,11,1,2,15
2018-01-19,26,2,3,14
2018-01-20,14,3,5,20
2018-01-21,24,3,5,21
2018-01-22,10,1,1,5
2018-01-23,15,1,2,13
2018-01-24,11,2,3,19
2018-01-25,20,2,2,11
2018-01-26,11,2,2,13
2018-01-27,22,3,4,22
2018-01-28,17,3,7,24
2018-01-29,24,1,2,10
2018-01-30,18,2,2,14
2018-01-31,12,2,4,17
2018-02-01,18,1,2,14
2018-02-02,13,2,2,15
2018-02-03,25,2,4,19
2018-02-04,15,3,6,23
2018-02-05,11,1,1,6
2018-02-06,16,1,1,10
2018-02-07,21,4,6,25
2018-02-08,15,2,3,19
2018-02-09,17,3,3,17
2018-02-10,24,2,3,19
2018-02-11,26,4,8,34
2018-02-12,16,2,1,10
2018-02-13,26,2,2,14
2018-02-14,13,3,5,20
2018-02-15,27,2,4,20
2018-02-16,10,2,3,10
2018-02-17,8,5,7,16
2018-02-18,8,10,15,29
2018-02-19,9,11,21,31
2018-02-20,8,1,1,4
2018-02-21,10,1,<1,4
2018-02-22,10,1,<1,4
2018-02-23,27,2,5,16
2018-02-24,21,3,4,22
2018-02-25,27,4,8,29
2018-02-26,25,1,1,8
2018-02-27,16,2,4,16
2018-02-28,25,1,4,14
2018-03-01,17,2,3,14
2018-03-02,51,1,3,14
2018-03-03,33,2,3,15
2018-03-04,18,3,6,24
2018-03-05,26,1,2,9
2018-03-06,13,2,2,15
2018-03-07,21,2,3,16
2018-03-08,13,2,4,18
2018-03-09,22,2,3,15
2018-03-10,10,4,6,24
2018-03-11,15,3,5,19
2018-03-12,18,1,2,13
2018-03-13,14,1,1,10
2018-03-14,17,1,3,13
2018-03-15,11,2,3,15
2018-03-16,21,2,3,15
2018-03-17,18,2,3,13
2018-03-18,10,3,5,20
2018-03-19,14,1,2,10
2018-03-20,20,2,2,12
2018-03-21,18,2,4,18
2018-03-22,27,2,3,13
2018-03-23,24,1,2,11
2018-03-24,23,2,4,15
2018-03-25,29,3,5,17
2018-03-26,31,2,2,12
2018-03-27,52,1,1,12
2018-03-28,25,2,3,16
2018-03-29,35,2,2,12
2018-03-30,20,2,2,11
2018-03-31,33,3,4,17
2018-04-01,33,3,4,20
2018-04-02,20,1,2,9
2018-04-03,22,2,2,9
2018-04-04,36,2,4,19
2018-04-05,34,2,1,13
2018-04-06,36,2,3,17
2018-04-07,100,2,4,16
2018-04-08,53,2,4,17
2018-04-09,34,1,2,9
2018-04-10,32,2,2,14
2018-04-11,55,2,3,13
2018-04-12,79,4,6,28
