Day,Brooklyn Nets: (Worldwide),Watch NBA: (Worldwide),NBA Live Stream: (Worldwide),NBA Reddit: (Worldwide)
2016-10-24,22,5,2,14
2016-10-25,32,22,15,28
2016-10-26,53,37,35,63
2016-10-27,78,18,15,44
2016-10-28,46,19,14,44
2016-10-29,95,26,21,46
2016-10-30,65,21,20,56
2016-10-31,58,9,7,37
2016-11-01,79,13,13,36
2016-11-02,46,20,16,46
2016-11-03,57,13,11,36
2016-11-04,44,27,27,65
2016-11-05,51,19,21,53
2016-11-06,34,9,16,38
2016-11-07,37,9,7,26
2016-11-08,34,10,9,39
2016-11-09,48,10,8,25
2016-11-10,67,10,11,40
2016-11-11,31,11,10,37
2016-11-12,31,12,13,35
2016-11-13,52,15,17,44
2016-11-14,35,9,7,35
2016-11-15,58,9,8,26
2016-11-16,73,10,10,29
2016-11-17,30,10,8,38
2016-11-18,32,6,6,23
2016-11-19,47,15,14,33
2016-11-20,45,15,10,34
2016-11-21,38,7,3,29
2016-11-22,25,11,8,32
2016-11-23,32,8,6,27
2016-11-24,39,10,10,39
2016-11-25,24,6,3,19
2016-11-26,28,15,12,41
2016-11-27,40,11,10,35
2016-11-28,38,6,4,22
2016-11-29,37,9,7,29
2016-11-30,78,7,7,26
2016-12-01,41,10,10,34
2016-12-02,47,13,12,36
2016-12-03,40,8,9,36
2016-12-04,36,7,8,32
2016-12-05,32,5,3,24
2016-12-06,46,18,14,45
2016-12-07,35,6,6,22
2016-12-08,42,12,9,38
2016-12-09,30,8,7,30
2016-12-10,30,6,9,28
2016-12-11,47,13,13,36
2016-12-12,36,6,6,28
2016-12-13,48,6,5,28
2016-12-14,42,9,9,35
2016-12-15,56,5,7,31
2016-12-16,34,10,6,24
2016-12-17,42,6,8,28
2016-12-18,37,8,14,38
2016-12-19,43,4,3,19
2016-12-20,30,7,4,20
2016-12-21,44,9,11,47
2016-12-22,41,7,5,29
2016-12-23,100,6,8,28
2016-12-24,58,8,13,40
2016-12-25,33,31,40,60
2016-12-26,39,13,7,35
2016-12-27,55,9,6,27
2016-12-28,33,7,4,22
2016-12-29,46,11,8,31
2016-12-30,33,7,8,33
2016-12-31,32,7,12,29
2017-01-01,24,8,5,24
2017-01-02,34,4,5,20
2017-01-03,37,7,8,30
2017-01-04,24,5,4,21
2017-01-05,35,10,8,27
2017-01-06,51,8,7,36
2017-01-07,67,9,7,35
2017-01-08,59,10,10,31
2017-01-09,36,8,8,34
2017-01-10,37,6,4,22
2017-01-11,41,9,9,39
2017-01-12,35,10,7,33
2017-01-13,48,7,6,23
2017-01-14,41,9,10,30
2017-01-15,37,7,8,30
2017-01-16,34,8,12,35
2017-01-17,37,19,22,50
2017-01-18,45,6,6,29
2017-01-19,29,9,9,45
2017-01-20,31,7,6,31
2017-01-21,52,11,14,42
2017-01-22,33,11,15,48
2017-01-23,34,5,2,17
2017-01-24,43,9,8,36
2017-01-25,29,6,6,29
2017-01-26,41,5,8,40
2017-01-27,34,6,3,29
2017-01-28,52,7,4,32
2017-01-29,37,15,15,49
2017-01-30,34,8,6,32
2017-01-31,39,6,5,31
2017-02-01,32,5,5,33
2017-02-02,48,9,7,38
2017-02-03,32,8,5,34
2017-02-04,39,9,7,31
2017-02-05,45,13,13,53
2017-02-06,28,5,3,16
2017-02-07,39,11,10,40
2017-02-08,45,4,2,23
2017-02-09,41,10,9,41
2017-02-10,34,9,5,34
2017-02-11,41,9,11,45
2017-02-12,26,18,13,61
2017-02-13,32,7,3,25
2017-02-14,38,7,7,41
2017-02-15,32,7,4,27
2017-02-16,49,10,7,42
2017-02-17,24,8,6,24
2017-02-18,24,22,21,38
2017-02-19,22,45,51,66
2017-02-20,29,44,74,80
2017-02-21,29,5,2,26
2017-02-22,34,3,1,31
2017-02-23,51,6,2,46
2017-02-24,41,11,7,56
2017-02-25,47,10,8,45
2017-02-26,92,8,11,57
2017-02-27,31,4,6,40
2017-02-28,27,8,7,45
2017-03-01,31,7,8,44
2017-03-02,50,11,9,44
2017-03-03,35,9,6,38
2017-03-04,43,8,9,47
2017-03-05,38,12,13,57
2017-03-06,29,5,4,28
2017-03-07,46,7,6,50
2017-03-08,30,6,4,32
2017-03-09,46,9,5,48
2017-03-10,31,6,6,31
2017-03-11,38,6,11,52
2017-03-12,50,9,9,59
2017-03-13,55,7,7,37
2017-03-14,54,7,7,34
2017-03-15,50,11,6,42
2017-03-16,36,9,7,43
2017-03-17,56,7,5,38
2017-03-18,54,7,5,37
2017-03-19,40,9,9,50
2017-03-20,36,7,6,33
2017-03-21,33,9,7,50
2017-03-22,42,5,6,42
2017-03-23,38,5,4,36
2017-03-24,46,5,4,27
2017-03-25,34,12,7,50
2017-03-26,41,11,13,50
2017-03-27,36,7,6,34
2017-03-28,38,9,6,41
2017-03-29,43,9,8,55
2017-03-30,30,11,11,49
2017-03-31,39,6,6,42
2017-04-01,43,11,11,64
2017-04-02,55,11,9,54
2017-04-03,38,5,5,31
2017-04-04,36,7,4,28
2017-04-05,49,10,7,45
2017-04-06,35,11,10,54
2017-04-07,38,5,3,28
2017-04-08,55,11,9,45
2017-04-09,48,14,14,68
2017-04-10,35,6,4,30
2017-04-11,46,7,7,55
2017-04-12,41,6,3,32
