Day,Milwaukee Bucks: (Worldwide),Watch NBA: (Worldwide),NBA Live Stream: (Worldwide),NBA Reddit: (Worldwide)
2016-10-24,18,3,1,9
2016-10-25,25,16,10,20
2016-10-26,36,27,24,47
2016-10-27,48,13,13,34
2016-10-28,24,15,10,30
2016-10-29,28,17,15,35
2016-10-30,45,15,14,36
2016-10-31,29,7,4,23
2016-11-01,25,10,9,25
2016-11-02,42,13,10,34
2016-11-03,27,9,8,25
2016-11-04,43,19,21,42
2016-11-05,33,12,15,38
2016-11-06,45,8,11,28
2016-11-07,41,6,4,18
2016-11-08,23,8,6,26
2016-11-09,17,6,6,17
2016-11-10,25,7,8,28
2016-11-11,35,7,7,26
2016-11-12,23,8,8,25
2016-11-13,35,10,12,28
2016-11-14,25,6,5,22
2016-11-15,21,6,5,18
2016-11-16,29,7,6,23
2016-11-17,35,7,7,26
2016-11-18,35,5,4,17
2016-11-19,36,8,9,25
2016-11-20,84,10,8,27
2016-11-21,28,5,2,20
2016-11-22,31,7,5,21
2016-11-23,20,6,4,20
2016-11-24,22,7,6,27
2016-11-25,22,4,2,12
2016-11-26,39,12,10,28
2016-11-27,24,8,7,25
2016-11-28,28,4,3,15
2016-11-29,32,6,4,21
2016-11-30,86,5,4,18
2016-12-01,34,6,6,25
2016-12-02,42,10,9,28
2016-12-03,34,8,7,23
2016-12-04,37,6,6,23
2016-12-05,29,4,3,16
2016-12-06,49,12,9,33
2016-12-07,30,5,4,17
2016-12-08,46,7,7,25
2016-12-09,28,6,5,21
2016-12-10,57,5,6,23
2016-12-11,39,8,8,25
2016-12-12,27,4,4,21
2016-12-13,35,5,3,19
2016-12-14,23,6,7,22
2016-12-15,28,3,5,21
2016-12-16,61,6,5,18
2016-12-17,45,4,5,20
2016-12-18,22,6,9,27
2016-12-19,26,3,2,13
2016-12-20,31,5,3,14
2016-12-21,81,7,8,30
2016-12-22,56,5,4,21
2016-12-23,29,5,6,19
2016-12-24,45,7,8,29
2016-12-25,31,25,29,45
2016-12-26,33,8,5,22
2016-12-27,37,6,4,18
2016-12-28,30,5,2,17
2016-12-29,45,8,5,23
2016-12-30,32,5,4,22
2016-12-31,47,6,8,20
2017-01-01,56,6,4,16
2017-01-02,40,3,3,14
2017-01-03,59,6,5,20
2017-01-04,38,4,4,17
2017-01-05,77,6,6,20
2017-01-06,54,5,4,23
2017-01-07,100,6,6,25
2017-01-08,59,6,6,24
2017-01-09,36,6,6,23
2017-01-10,35,3,3,17
2017-01-11,51,7,7,28
2017-01-12,32,6,4,22
2017-01-13,37,4,4,19
2017-01-14,59,6,7,25
2017-01-15,54,5,6,20
2017-01-16,52,6,7,23
2017-01-17,30,13,15,34
2017-01-18,24,3,3,19
2017-01-19,42,7,8,32
2017-01-20,28,5,4,21
2017-01-21,36,7,8,28
2017-01-22,36,9,10,33
2017-01-23,25,3,2,12
2017-01-24,41,6,7,25
2017-01-25,26,4,4,21
2017-01-26,40,5,6,29
2017-01-27,26,4,3,20
2017-01-28,40,5,4,24
2017-01-29,51,8,10,37
2017-01-30,20,5,5,22
2017-01-31,20,4,4,20
2017-02-01,19,5,3,22
2017-02-02,36,5,5,26
2017-02-03,32,5,4,24
2017-02-04,42,5,5,22
2017-02-05,33,8,9,35
2017-02-06,22,3,2,12
2017-02-07,22,7,7,29
2017-02-08,26,4,2,16
2017-02-09,46,7,6,28
2017-02-10,30,7,4,24
2017-02-11,44,6,8,28
2017-02-12,37,13,12,44
2017-02-13,23,4,2,16
2017-02-14,29,5,5,27
2017-02-15,23,5,4,21
2017-02-16,33,6,4,27
2017-02-17,21,6,4,17
2017-02-18,25,16,15,27
2017-02-19,19,29,38,45
2017-02-20,31,31,51,56
2017-02-21,26,3,1,20
2017-02-22,27,3,1,22
2017-02-23,35,5,2,31
2017-02-24,30,8,6,40
2017-02-25,33,7,7,33
2017-02-26,39,7,8,40
2017-02-27,33,4,4,27
2017-02-28,51,5,4,33
2017-03-01,25,5,6,31
2017-03-02,32,6,6,32
2017-03-03,29,6,5,25
2017-03-04,41,6,7,34
2017-03-05,38,8,10,37
2017-03-06,22,3,3,22
2017-03-07,32,5,5,34
2017-03-08,21,4,3,22
2017-03-09,33,6,4,33
2017-03-10,24,4,3,23
2017-03-11,47,5,8,38
2017-03-12,42,6,8,38
2017-03-13,26,5,5,25
2017-03-14,31,4,4,25
2017-03-15,23,6,4,28
2017-03-16,51,5,4,27
2017-03-17,26,5,4,25
2017-03-18,65,4,3,27
2017-03-19,62,6,7,33
2017-03-20,25,4,4,23
2017-03-21,24,6,5,34
2017-03-22,41,4,4,30
2017-03-23,42,3,3,25
2017-03-24,28,3,3,20
2017-03-25,48,7,5,34
2017-03-26,46,8,9,36
2017-03-27,26,5,4,24
2017-03-28,28,6,5,30
2017-03-29,42,6,5,38
2017-03-30,55,6,7,36
2017-03-31,33,5,4,29
2017-04-01,56,8,7,43
2017-04-02,55,7,7,37
2017-04-03,31,5,4,25
2017-04-04,28,4,3,20
2017-04-05,46,6,5,31
2017-04-06,29,7,7,37
2017-04-07,39,4,3,19
2017-04-08,29,7,7,34
2017-04-09,42,9,10,47
2017-04-10,33,3,3,20
2017-04-11,47,6,5,37
2017-04-12,39,4,2,25
