Day,Boston Celtics: (Worldwide),Watch NBA: (Worldwide),NBA Live Stream: (Worldwide),NBA Reddit: (Worldwide)
2016-10-24,15,1,<1,3
2016-10-25,18,6,4,7
2016-10-26,31,10,9,17
2016-10-27,46,5,5,12
2016-10-28,49,5,4,11
2016-10-29,21,6,5,13
2016-10-30,24,6,5,13
2016-10-31,16,3,2,8
2016-11-01,17,4,3,9
2016-11-02,22,5,4,12
2016-11-03,43,3,3,9
2016-11-04,46,7,8,15
2016-11-05,18,4,6,14
2016-11-06,18,3,4,10
2016-11-07,23,2,2,7
2016-11-08,13,3,2,10
2016-11-09,12,2,2,6
2016-11-10,21,3,3,10
2016-11-11,16,3,2,9
2016-11-12,30,3,3,9
2016-11-13,23,4,4,10
2016-11-14,19,2,2,8
2016-11-15,25,2,2,7
2016-11-16,17,2,2,8
2016-11-17,25,2,3,10
2016-11-18,21,2,2,6
2016-11-19,46,3,3,9
2016-11-20,25,4,3,10
2016-11-21,16,2,1,7
2016-11-22,22,2,2,8
2016-11-23,18,2,1,7
2016-11-24,21,2,2,10
2016-11-25,29,2,1,4
2016-11-26,16,4,4,10
2016-11-27,14,3,3,9
2016-11-28,16,2,1,6
2016-11-29,22,2,2,8
2016-11-30,17,2,1,6
2016-12-01,22,2,2,9
2016-12-02,20,4,3,10
2016-12-03,27,3,3,8
2016-12-04,23,2,2,8
2016-12-05,16,1,1,6
2016-12-06,25,4,3,12
2016-12-07,17,2,1,6
2016-12-08,21,2,3,9
2016-12-09,18,2,2,8
2016-12-10,26,2,2,8
2016-12-11,18,3,3,9
2016-12-12,25,2,2,8
2016-12-13,15,2,1,7
2016-12-14,16,2,2,8
2016-12-15,26,1,2,8
2016-12-16,17,2,2,6
2016-12-17,25,2,2,7
2016-12-18,16,2,3,10
2016-12-19,20,1,1,5
2016-12-20,16,2,1,5
2016-12-21,26,2,3,11
2016-12-22,18,2,1,7
2016-12-23,27,2,2,7
2016-12-24,33,2,3,10
2016-12-25,59,9,11,16
2016-12-26,22,3,2,8
2016-12-27,18,2,2,7
2016-12-28,30,2,1,6
2016-12-29,21,3,2,8
2016-12-30,46,2,2,8
2016-12-31,39,2,3,7
2017-01-01,16,2,1,6
2017-01-02,16,1,1,5
2017-01-03,19,2,2,7
2017-01-04,29,1,1,6
2017-01-05,20,2,2,7
2017-01-06,23,2,2,8
2017-01-07,39,2,2,9
2017-01-08,30,2,2,9
2017-01-09,17,2,2,8
2017-01-10,20,1,1,6
2017-01-11,34,3,2,10
2017-01-12,34,2,1,8
2017-01-13,20,2,1,7
2017-01-14,38,2,2,9
2017-01-15,20,2,2,7
2017-01-16,21,2,3,8
2017-01-17,31,5,5,12
2017-01-18,21,1,1,7
2017-01-19,29,3,3,12
2017-01-20,16,2,2,8
2017-01-21,26,3,3,10
2017-01-22,28,3,4,12
2017-01-23,15,1,1,4
2017-01-24,22,2,2,9
2017-01-25,36,1,1,8
2017-01-26,36,2,2,11
2017-01-27,25,1,1,7
2017-01-28,32,2,1,9
2017-01-29,37,3,4,13
2017-01-30,25,2,2,8
2017-01-31,39,2,1,7
2017-02-01,30,2,1,8
2017-02-02,48,2,2,10
2017-02-03,27,2,1,9
2017-02-04,50,2,2,8
2017-02-05,53,3,3,13
2017-02-06,28,1,1,4
2017-02-07,24,3,3,11
2017-02-08,23,1,1,6
2017-02-09,36,3,2,10
2017-02-10,40,2,2,9
2017-02-11,26,2,3,10
2017-02-12,45,5,4,16
2017-02-13,25,2,1,6
2017-02-14,36,2,2,10
2017-02-15,30,2,1,8
2017-02-16,45,2,2,10
2017-02-17,48,2,1,6
2017-02-18,25,6,5,10
2017-02-19,25,11,14,16
2017-02-20,40,11,19,20
2017-02-21,67,1,<1,7
2017-02-22,69,1,<1,8
2017-02-23,100,2,1,11
2017-02-24,38,3,2,15
2017-02-25,46,2,3,12
2017-02-26,28,3,3,15
2017-02-27,35,2,1,10
2017-02-28,34,2,2,12
2017-03-01,26,2,2,11
2017-03-02,70,2,2,12
2017-03-03,27,2,2,9
2017-03-04,41,2,2,13
2017-03-05,32,3,4,14
2017-03-06,31,1,1,8
2017-03-07,35,2,2,13
2017-03-08,21,2,1,8
2017-03-09,63,2,2,12
2017-03-10,28,1,1,8
2017-03-11,34,2,3,14
2017-03-12,44,2,3,14
2017-03-13,23,2,2,9
2017-03-14,20,2,1,9
2017-03-15,22,2,2,10
2017-03-16,29,2,2,10
2017-03-17,23,2,1,9
2017-03-18,29,2,1,10
2017-03-19,31,2,3,12
2017-03-20,24,1,1,8
2017-03-21,32,2,2,12
2017-03-22,23,1,2,11
2017-03-23,30,1,1,9
2017-03-24,22,1,1,7
2017-03-25,50,2,2,12
2017-03-26,41,3,3,13
2017-03-27,37,2,1,9
2017-03-28,35,2,2,11
2017-03-29,31,2,2,14
2017-03-30,39,2,3,13
2017-03-31,27,2,2,11
2017-04-01,43,3,3,16
2017-04-02,43,3,2,13
2017-04-03,27,2,2,9
2017-04-04,22,1,1,7
2017-04-05,37,2,2,12
2017-04-06,78,3,3,14
2017-04-07,41,2,1,7
2017-04-08,30,3,3,13
2017-04-09,33,3,4,17
2017-04-10,29,1,1,7
2017-04-11,44,2,2,13
2017-04-12,32,2,1,9
