Day,Cleveland Cavaliers: (Worldwide),Watch NBA: (Worldwide),NBA Live Stream: (Worldwide),NBA Reddit: (Worldwide)
2017-10-16,10,<1,<1,1
2017-10-17,29,1,1,2
2017-10-18,88,3,3,10
2017-10-19,15,1,1,5
2017-10-20,16,1,2,6
2017-10-21,30,1,1,5
2017-10-22,28,1,1,5
2017-10-23,12,1,1,4
2017-10-24,16,1,1,5
2017-10-25,24,1,1,4
2017-10-26,24,1,1,6
2017-10-27,10,1,1,3
2017-10-28,14,1,1,5
2017-10-29,23,1,1,4
2017-10-30,20,1,1,3
2017-10-31,11,1,1,4
2017-11-01,12,<1,1,4
2017-11-02,21,<1,1,3
2017-11-03,14,1,1,4
2017-11-04,27,1,1,5
2017-11-05,22,1,1,4
2017-11-06,15,<1,1,4
2017-11-07,14,<1,1,3
2017-11-08,24,1,1,4
2017-11-09,13,1,1,4
2017-11-10,28,1,1,5
2017-11-11,11,<1,1,3
2017-11-12,22,1,1,6
2017-11-13,11,<1,<1,2
2017-11-14,32,1,1,5
2017-11-15,11,<1,1,3
2017-11-16,22,1,1,5
2017-11-17,13,1,1,5
2017-11-18,25,1,1,5
2017-11-19,11,1,1,5
2017-11-20,10,<1,<1,3
2017-11-21,21,<1,1,4
2017-11-22,10,<1,<1,2
2017-11-23,19,1,1,6
2017-11-24,11,<1,<1,1
2017-11-25,27,1,1,3
2017-11-26,11,1,1,4
2017-11-27,12,<1,<1,1
2017-11-28,25,1,1,5
2017-11-29,24,<1,<1,2
2017-11-30,12,1,1,5
2017-12-01,24,1,1,3
2017-12-02,13,1,1,4
2017-12-03,24,1,1,4
2017-12-04,12,<1,<1,3
2017-12-05,21,<1,1,3
2017-12-06,13,<1,<1,2
2017-12-07,24,<1,1,3
2017-12-08,13,<1,1,3
2017-12-09,26,1,1,4
2017-12-10,24,1,1,5
2017-12-11,10,<1,<1,2
2017-12-12,11,<1,1,3
2017-12-13,19,<1,1,3
2017-12-14,13,<1,<1,3
2017-12-15,29,1,1,3
2017-12-16,13,<1,1,4
2017-12-17,25,1,1,4
2017-12-18,17,<1,<1,1
2017-12-19,12,1,1,5
2017-12-20,25,<1,<1,3
2017-12-21,13,1,1,4
2017-12-22,22,<1,1,3
2017-12-23,12,1,1,4
2017-12-24,13,<1,1,4
2017-12-25,70,2,3,7
2017-12-26,26,1,1,3
2017-12-27,13,<1,<1,2
2017-12-28,20,1,1,4
2017-12-29,10,<1,1,3
2017-12-30,12,<1,1,3
2017-12-31,22,1,1,4
2018-01-01,11,<1,1,3
2018-01-02,15,<1,<1,2
2018-01-03,39,1,1,3
2018-01-04,37,1,2,6
2018-01-05,10,1,1,3
2018-01-06,12,1,1,5
2018-01-07,21,1,1,3
2018-01-08,10,<1,<1,2
2018-01-09,21,<1,1,3
2018-01-10,10,<1,<1,3
2018-01-11,11,1,1,4
2018-01-12,28,<1,1,3
2018-01-13,25,1,1,4
2018-01-14,10,<1,1,4
2018-01-15,14,<1,1,3
2018-01-16,55,1,1,5
2018-01-17,13,<1,<1,2
2018-01-18,13,<1,1,3
2018-01-19,22,<1,1,3
2018-01-20,32,1,1,4
2018-01-21,23,1,1,5
2018-01-22,12,<1,<1,1
2018-01-23,15,<1,<1,3
2018-01-24,31,<1,1,4
2018-01-25,15,<1,<1,3
2018-01-26,13,<1,<1,3
2018-01-27,25,1,1,4
2018-01-28,17,1,1,5
2018-01-29,19,<1,<1,2
2018-01-30,15,<1,<1,3
2018-01-31,25,<1,1,4
2018-02-01,23,<1,1,3
2018-02-02,12,<1,<1,3
2018-02-03,14,<1,1,4
2018-02-04,35,1,1,5
2018-02-05,14,<1,<1,1
2018-02-06,17,<1,<1,2
2018-02-07,32,1,1,5
2018-02-08,100,<1,1,4
2018-02-09,60,<1,1,4
2018-02-10,50,<1,1,4
2018-02-11,59,1,2,7
2018-02-12,39,<1,<1,2
2018-02-13,22,<1,1,3
2018-02-14,51,1,1,4
2018-02-15,18,<1,1,4
2018-02-16,14,1,1,2
2018-02-17,10,1,2,4
2018-02-18,9,2,3,6
2018-02-19,8,2,5,7
2018-02-20,8,<1,<1,1
2018-02-21,9,<1,<1,1
2018-02-22,12,<1,<1,1
2018-02-23,28,1,1,4
2018-02-24,24,1,1,5
2018-02-25,26,1,2,6
2018-02-26,14,<1,<1,2
2018-02-27,10,<1,1,3
2018-02-28,26,<1,1,3
2018-03-01,12,1,1,3
2018-03-02,26,<1,1,3
2018-03-03,11,<1,1,3
2018-03-04,21,1,1,5
2018-03-05,10,<1,<1,2
2018-03-06,18,<1,1,3
2018-03-07,10,<1,1,3
2018-03-08,20,<1,1,4
2018-03-09,11,<1,1,3
2018-03-10,21,1,1,5
2018-03-11,11,1,1,4
2018-03-12,24,<1,<1,3
2018-03-13,9,<1,<1,2
2018-03-14,17,<1,1,3
2018-03-15,9,<1,1,3
2018-03-16,20,<1,1,3
2018-03-17,10,<1,1,3
2018-03-18,16,1,1,4
2018-03-19,13,<1,<1,2
2018-03-20,18,<1,<1,2
2018-03-21,13,1,1,4
2018-03-22,24,<1,1,3
2018-03-23,12,<1,1,2
2018-03-24,18,<1,1,3
2018-03-25,22,1,1,4
2018-03-26,10,<1,<1,2
2018-03-27,11,<1,<1,2
2018-03-28,25,<1,1,3
2018-03-29,16,<1,<1,2
2018-03-30,12,<1,<1,2
2018-03-31,21,1,1,4
2018-04-01,18,1,1,4
2018-04-02,15,<1,<1,2
2018-04-03,15,<1,<1,2
2018-04-04,20,<1,1,4
2018-04-05,13,<1,<1,3
2018-04-06,28,1,1,4
2018-04-07,30,1,1,3
2018-04-08,12,<1,1,4
2018-04-09,11,<1,<1,2
2018-04-10,18,<1,<1,3
2018-04-11,13,<1,<1,3
2018-04-12,23,1,1,7
