Day,Sacramento Kings: (Worldwide),Watch NBA: (Worldwide),NBA Live Stream: (Worldwide),NBA Reddit: (Worldwide)
2016-10-24,9,2,1,7
2016-10-25,13,11,8,14
2016-10-26,21,19,17,32
2016-10-27,34,9,8,22
2016-10-28,58,10,7,22
2016-10-29,14,13,11,23
2016-10-30,37,11,10,28
2016-10-31,16,5,4,19
2016-11-01,19,7,7,18
2016-11-02,19,10,8,23
2016-11-03,17,7,6,18
2016-11-04,18,13,14,33
2016-11-05,17,10,10,27
2016-11-06,23,5,8,19
2016-11-07,18,4,4,13
2016-11-08,14,5,5,20
2016-11-09,18,5,4,13
2016-11-10,15,5,6,20
2016-11-11,46,6,5,19
2016-11-12,26,6,7,18
2016-11-13,10,7,8,22
2016-11-14,10,4,4,18
2016-11-15,10,4,4,13
2016-11-16,13,5,5,15
2016-11-17,22,5,4,19
2016-11-18,12,3,3,12
2016-11-19,27,7,7,16
2016-11-20,15,8,5,17
2016-11-21,28,3,2,15
2016-11-22,12,6,4,16
2016-11-23,11,4,3,13
2016-11-24,25,5,5,20
2016-11-25,14,3,2,9
2016-11-26,22,8,6,21
2016-11-27,13,5,5,18
2016-11-28,17,3,2,11
2016-11-29,17,4,3,15
2016-11-30,14,4,3,13
2016-12-01,43,5,5,17
2016-12-02,15,6,6,18
2016-12-03,17,4,5,18
2016-12-04,15,4,4,16
2016-12-05,21,2,2,12
2016-12-06,11,9,7,23
2016-12-07,10,3,3,11
2016-12-08,18,6,4,19
2016-12-09,14,4,4,15
2016-12-10,24,3,4,14
2016-12-11,16,6,6,18
2016-12-12,12,3,3,14
2016-12-13,26,3,3,14
2016-12-14,13,5,5,18
2016-12-15,16,3,3,16
2016-12-16,10,5,3,12
2016-12-17,16,3,4,14
2016-12-18,15,4,7,19
2016-12-19,10,2,1,10
2016-12-20,12,3,2,10
2016-12-21,28,5,6,24
2016-12-22,20,4,3,15
2016-12-23,14,3,4,14
2016-12-24,20,4,6,20
2016-12-25,14,16,20,30
2016-12-26,15,7,4,18
2016-12-27,26,4,3,14
2016-12-28,14,3,2,11
2016-12-29,21,6,4,16
2016-12-30,14,4,4,17
2016-12-31,18,4,6,15
2017-01-01,16,4,3,12
2017-01-02,10,2,2,10
2017-01-03,13,3,4,15
2017-01-04,18,2,2,10
2017-01-05,24,5,4,14
2017-01-06,18,4,3,18
2017-01-07,21,4,3,18
2017-01-08,21,5,5,16
2017-01-09,38,4,4,17
2017-01-10,14,3,2,11
2017-01-11,22,5,4,20
2017-01-12,16,5,3,17
2017-01-13,17,4,3,12
2017-01-14,35,4,5,15
2017-01-15,15,3,4,15
2017-01-16,19,4,6,18
2017-01-17,12,9,11,25
2017-01-18,13,3,3,14
2017-01-19,19,5,5,23
2017-01-20,12,3,3,15
2017-01-21,16,6,7,21
2017-01-22,19,6,8,24
2017-01-23,12,3,1,9
2017-01-24,11,4,4,18
2017-01-25,12,3,3,14
2017-01-26,42,3,4,20
2017-01-27,14,3,2,15
2017-01-28,21,4,2,16
2017-01-29,20,7,8,25
2017-01-30,16,4,3,16
2017-01-31,22,3,3,16
2017-02-01,14,2,2,17
2017-02-02,13,4,4,19
2017-02-03,13,4,3,17
2017-02-04,28,4,4,16
2017-02-05,69,7,6,27
2017-02-06,19,2,1,8
2017-02-07,28,5,5,20
2017-02-08,15,2,1,12
2017-02-09,27,5,5,21
2017-02-10,14,4,3,17
2017-02-11,25,5,6,23
2017-02-12,14,9,6,31
2017-02-13,26,3,1,13
2017-02-14,13,3,4,20
2017-02-15,34,4,2,14
2017-02-16,33,5,4,21
2017-02-17,14,4,3,12
2017-02-18,12,11,11,19
2017-02-19,10,23,26,33
2017-02-20,100,23,38,40
2017-02-21,49,2,1,13
2017-02-22,27,2,1,15
2017-02-23,26,3,1,23
2017-02-24,49,6,4,28
2017-02-25,35,5,4,23
2017-02-26,27,4,6,29
2017-02-27,16,2,3,20
2017-02-28,27,4,3,23
2017-03-01,16,4,4,22
2017-03-02,24,6,4,22
2017-03-03,13,5,3,19
2017-03-04,14,4,5,24
2017-03-05,19,6,7,29
2017-03-06,22,2,2,14
2017-03-07,18,3,3,25
2017-03-08,11,3,2,16
2017-03-09,20,4,3,24
2017-03-10,12,3,3,16
2017-03-11,21,3,6,26
2017-03-12,15,5,5,30
2017-03-13,10,4,4,19
2017-03-14,18,4,3,17
2017-03-15,9,5,3,21
2017-03-16,14,4,3,22
2017-03-17,9,4,3,19
2017-03-18,16,4,3,19
2017-03-19,16,4,5,25
2017-03-20,13,3,3,17
2017-03-21,10,5,3,25
2017-03-22,12,3,3,21
2017-03-23,15,3,2,18
2017-03-24,11,2,2,14
2017-03-25,23,6,3,25
2017-03-26,18,6,7,25
2017-03-27,15,4,3,17
2017-03-28,20,5,3,21
2017-03-29,9,5,4,28
2017-03-30,15,6,5,25
2017-03-31,9,3,3,21
2017-04-01,16,5,5,32
2017-04-02,15,6,5,27
2017-04-03,10,3,2,16
2017-04-04,8,3,2,14
2017-04-05,14,5,3,23
2017-04-06,9,6,5,27
2017-04-07,11,3,2,14
2017-04-08,20,5,4,23
2017-04-09,15,7,7,35
2017-04-10,13,3,2,15
2017-04-11,13,4,4,28
2017-04-12,18,3,2,16
