Day,Minnesota Timberwolves: (Worldwide),Watch NBA: (Worldwide),NBA Live Stream: (Worldwide),NBA Reddit: (Worldwide)
2017-10-16,7,1,<1,4
2017-10-17,7,6,3,11
2017-10-18,15,12,16,50
2017-10-19,33,5,5,26
2017-10-20,12,6,8,31
2017-10-21,24,5,6,25
2017-10-22,14,5,6,25
2017-10-23,31,3,4,18
2017-10-24,13,4,4,22
2017-10-25,19,4,4,17
2017-10-26,11,4,5,26
2017-10-27,9,3,3,17
2017-10-28,23,5,6,25
2017-10-29,8,3,5,22
2017-10-30,9,3,2,15
2017-10-31,15,3,4,19
2017-11-01,8,2,3,18
2017-11-02,15,2,3,16
2017-11-03,8,3,4,20
2017-11-04,11,3,6,24
2017-11-05,17,3,4,20
2017-11-06,18,2,3,17
2017-11-07,9,2,3,14
2017-11-08,11,3,4,20
2017-11-09,29,3,3,19
2017-11-10,9,3,3,22
2017-11-11,8,2,4,16
2017-11-12,13,4,6,29
2017-11-13,7,1,1,8
2017-11-14,11,4,5,23
2017-11-15,8,2,3,14
2017-11-16,13,3,4,22
2017-11-17,8,3,5,22
2017-11-18,14,2,3,21
2017-11-19,9,3,5,23
2017-11-20,14,1,2,11
2017-11-21,10,2,4,18
2017-11-22,6,1,2,11
2017-11-23,11,3,6,26
2017-11-24,7,1,1,6
2017-11-25,13,3,4,16
2017-11-26,10,3,3,20
2017-11-27,7,1,1,6
2017-11-28,8,2,5,21
2017-11-29,13,2,2,12
2017-11-30,10,3,4,24
2017-12-01,8,3,3,16
2017-12-02,13,3,4,17
2017-12-03,7,2,4,18
2017-12-04,10,1,3,14
2017-12-05,8,2,3,16
2017-12-06,6,2,2,12
2017-12-07,12,2,3,14
2017-12-08,7,1,3,14
2017-12-09,6,3,5,22
2017-12-10,8,4,7,23
2017-12-11,8,1,1,8
2017-12-12,7,3,3,16
2017-12-13,17,2,3,16
2017-12-14,7,1,2,12
2017-12-15,11,3,4,16
2017-12-16,7,2,3,18
2017-12-17,12,3,5,21
2017-12-18,7,2,1,7
2017-12-19,11,5,5,26
2017-12-20,6,2,2,12
2017-12-21,11,4,5,21
2017-12-22,6,2,3,16
2017-12-23,8,3,4,19
2017-12-24,11,2,4,17
2017-12-25,10,10,14,33
2017-12-26,25,3,4,16
2017-12-27,11,1,2,11
2017-12-28,20,2,3,17
2017-12-29,13,2,2,16
2017-12-30,7,2,4,15
2017-12-31,9,3,5,17
2018-01-01,12,1,2,14
2018-01-02,13,2,2,11
2018-01-03,9,3,4,17
2018-01-04,14,4,8,28
2018-01-05,10,3,4,14
2018-01-06,17,4,6,23
2018-01-07,14,2,4,14
2018-01-08,9,2,2,11
2018-01-09,28,2,3,14
2018-01-10,11,1,2,13
2018-01-11,20,2,4,17
2018-01-12,10,2,3,13
2018-01-13,18,2,4,18
2018-01-14,11,3,4,18
2018-01-15,19,2,4,14
2018-01-16,9,4,7,24
2018-01-17,13,2,1,12
2018-01-18,8,1,2,16
2018-01-19,14,2,3,15
2018-01-20,9,3,5,21
2018-01-21,18,3,5,22
2018-01-22,9,1,1,6
2018-01-23,14,1,2,13
2018-01-24,8,2,3,19
2018-01-25,14,2,2,12
2018-01-26,18,2,2,14
2018-01-27,8,3,4,23
2018-01-28,13,3,7,25
2018-01-29,7,1,2,11
2018-01-30,13,2,2,14
2018-01-31,10,2,4,18
2018-02-01,8,1,3,15
2018-02-02,14,2,3,16
2018-02-03,9,2,4,20
2018-02-04,15,3,6,24
2018-02-05,7,1,1,6
2018-02-06,6,1,2,11
2018-02-07,9,4,6,26
2018-02-08,33,2,3,20
2018-02-09,13,3,3,18
2018-02-10,20,2,4,20
2018-02-11,10,5,9,35
2018-02-12,14,2,1,10
2018-02-13,11,2,3,15
2018-02-14,12,3,5,21
2018-02-15,8,2,4,21
2018-02-16,20,2,3,11
2018-02-17,5,5,7,17
2018-02-18,5,11,16,30
2018-02-19,5,11,22,32
2018-02-20,5,1,1,4
2018-02-21,5,1,<1,4
2018-02-22,5,1,<1,4
2018-02-23,6,3,5,16
2018-02-24,18,3,5,23
2018-02-25,13,4,9,30
2018-02-26,6,1,1,8
2018-02-27,10,2,4,16
2018-02-28,5,1,4,15
2018-03-01,7,2,3,15
2018-03-02,13,2,4,15
2018-03-03,14,2,3,15
2018-03-04,5,3,7,25
2018-03-05,5,1,2,10
2018-03-06,5,2,2,15
2018-03-07,5,2,3,16
2018-03-08,14,2,4,19
2018-03-09,25,2,3,15
2018-03-10,8,4,7,24
2018-03-11,26,3,5,19
2018-03-12,13,1,3,13
2018-03-13,9,1,1,11
2018-03-14,14,1,3,14
2018-03-15,7,2,3,16
2018-03-16,7,3,3,16
2018-03-17,8,2,4,14
2018-03-18,19,3,5,21
2018-03-19,18,1,2,10
2018-03-20,9,2,2,12
2018-03-21,16,3,4,19
2018-03-22,7,2,3,13
2018-03-23,8,1,2,12
2018-03-24,17,2,4,16
2018-03-25,11,3,5,17
2018-03-26,9,2,2,12
2018-03-27,12,1,1,12
2018-03-28,8,2,4,16
2018-03-29,17,2,2,12
2018-03-30,8,2,2,11
2018-03-31,13,3,4,18
2018-04-01,14,3,4,21
2018-04-02,12,1,2,10
2018-04-03,7,2,2,10
2018-04-04,7,2,4,20
2018-04-05,9,2,1,14
2018-04-06,25,2,3,17
2018-04-07,26,2,4,17
2018-04-08,12,2,4,17
2018-04-09,14,1,2,9
2018-04-10,35,2,2,14
2018-04-11,30,2,3,13
2018-04-12,100,4,6,28
