Day,Los Angeles Clippers: (Worldwide),Watch NBA: (Worldwide),NBA Live Stream: (Worldwide),NBA Reddit: (Worldwide)
2017-10-16,11,1,<1,7
2017-10-17,12,10,6,20
2017-10-18,16,20,28,85
2017-10-19,27,8,8,44
2017-10-20,100,10,14,53
2017-10-21,22,7,10,44
2017-10-22,32,9,11,42
2017-10-23,16,6,7,31
2017-10-24,18,7,8,38
2017-10-25,28,6,6,29
2017-10-26,19,7,8,46
2017-10-27,38,5,5,28
2017-10-28,20,8,11,41
2017-10-29,29,6,9,36
2017-10-30,18,4,4,24
2017-10-31,43,5,7,33
2017-11-01,18,4,6,30
2017-11-02,25,4,5,25
2017-11-03,13,5,7,33
2017-11-04,25,6,9,40
2017-11-05,25,4,6,33
2017-11-06,15,3,5,30
2017-11-07,13,4,4,25
2017-11-08,19,5,6,35
2017-11-09,10,5,5,31
2017-11-10,12,5,6,37
2017-11-11,26,3,6,27
2017-11-12,18,7,10,49
2017-11-13,13,2,1,14
2017-11-14,25,6,7,40
2017-11-15,11,4,5,24
2017-11-16,13,5,8,39
2017-11-17,15,6,9,39
2017-11-18,44,5,7,37
2017-11-19,17,5,8,39
2017-11-20,13,2,4,20
2017-11-21,21,4,6,31
2017-11-22,14,3,3,18
2017-11-23,18,5,10,46
2017-11-24,10,2,2,10
2017-11-25,13,5,7,27
2017-11-26,18,4,6,33
2017-11-27,13,2,1,10
2017-11-28,32,4,7,37
2017-11-29,12,3,4,20
2017-11-30,14,6,7,38
2017-12-01,19,5,4,25
2017-12-02,16,5,6,29
2017-12-03,13,4,6,30
2017-12-04,14,3,4,24
2017-12-05,9,3,5,27
2017-12-06,11,3,4,20
2017-12-07,20,3,5,25
2017-12-08,10,3,4,24
2017-12-09,21,5,8,35
2017-12-10,14,5,11,39
2017-12-11,13,2,2,13
2017-12-12,21,4,5,27
2017-12-13,11,3,5,28
2017-12-14,14,2,4,22
2017-12-15,12,4,6,28
2017-12-16,15,3,6,30
2017-12-17,15,5,8,36
2017-12-18,12,3,2,11
2017-12-19,16,7,9,44
2017-12-20,10,2,3,21
2017-12-21,16,5,7,34
2017-12-22,11,4,6,28
2017-12-23,32,4,7,32
2017-12-24,16,4,6,28
2017-12-25,11,15,24,56
2017-12-26,11,5,6,28
2017-12-27,20,3,3,18
2017-12-28,11,4,6,30
2017-12-29,12,4,4,26
2017-12-30,26,4,7,28
2017-12-31,14,5,8,31
2018-01-01,17,2,4,23
2018-01-02,13,3,4,20
2018-01-03,21,6,7,28
2018-01-04,15,6,14,48
2018-01-05,36,4,7,24
2018-01-06,34,5,10,39
2018-01-07,21,4,6,23
2018-01-08,13,2,3,19
2018-01-09,18,3,5,24
2018-01-10,14,2,4,21
2018-01-11,43,4,7,31
2018-01-12,24,3,5,23
2018-01-13,21,5,7,31
2018-01-14,14,4,7,30
2018-01-15,12,4,5,25
2018-01-16,89,7,12,39
2018-01-17,45,3,3,20
2018-01-18,39,3,5,24
2018-01-19,16,4,4,25
2018-01-20,16,5,9,35
2018-01-21,20,5,9,38
2018-01-22,12,1,1,9
2018-01-23,23,2,4,22
2018-01-24,15,4,6,32
2018-01-25,28,3,3,21
2018-01-26,11,3,4,23
2018-01-27,16,5,7,36
2018-01-28,17,5,10,41
2018-01-29,22,2,3,17
2018-01-30,70,2,3,23
2018-01-31,40,4,7,30
2018-02-01,23,3,4,27
2018-02-02,20,3,4,26
2018-02-03,30,4,6,32
2018-02-04,17,5,10,41
2018-02-05,15,2,1,9
2018-02-06,25,2,3,18
2018-02-07,15,6,10,44
2018-02-08,19,4,5,35
2018-02-09,19,4,6,30
2018-02-10,35,4,7,35
2018-02-11,20,8,15,59
2018-02-12,12,3,2,17
2018-02-13,16,3,4,24
2018-02-14,11,5,9,35
2018-02-15,21,4,7,32
2018-02-16,10,4,4,18
2018-02-17,17,9,13,29
2018-02-18,12,17,26,49
2018-02-19,13,19,39,55
2018-02-20,10,2,1,7
2018-02-21,10,2,1,7
2018-02-22,10,1,<1,8
2018-02-23,32,4,8,31
2018-02-24,20,4,9,37
2018-02-25,12,6,15,51
2018-02-26,9,2,2,14
2018-02-27,12,4,6,27
2018-02-28,26,3,6,24
2018-03-01,36,4,6,26
2018-03-02,13,3,6,26
2018-03-03,19,4,6,26
2018-03-04,14,5,10,43
2018-03-05,17,2,3,15
2018-03-06,14,4,5,26
2018-03-07,23,3,6,28
2018-03-08,11,4,6,31
2018-03-09,13,3,5,26
2018-03-10,39,6,12,43
2018-03-11,24,5,8,32
2018-03-12,10,2,4,21
2018-03-13,11,2,3,19
2018-03-14,14,3,5,25
2018-03-15,12,3,5,26
2018-03-16,21,3,6,27
2018-03-17,22,3,6,24
2018-03-18,15,5,9,35
2018-03-19,23,2,3,17
2018-03-20,12,3,4,20
2018-03-21,17,5,7,32
2018-03-22,12,3,5,22
2018-03-23,13,2,4,20
2018-03-24,12,4,7,28
2018-03-25,15,5,9,33
2018-03-26,14,3,3,20
2018-03-27,10,2,2,19
2018-03-28,22,4,6,27
2018-03-29,15,3,3,20
2018-03-30,16,3,3,20
2018-03-31,18,4,7,30
2018-04-01,16,5,8,36
2018-04-02,11,2,3,17
2018-04-03,11,3,3,16
2018-04-04,25,4,7,33
2018-04-05,14,3,3,23
2018-04-06,17,4,6,30
2018-04-07,22,4,6,28
2018-04-08,13,4,7,30
2018-04-09,10,2,3,15
2018-04-10,21,3,4,24
2018-04-11,12,3,4,23
2018-04-12,21,7,11,53
