Day,Charlotte Hornets: (Worldwide),Watch NBA: (Worldwide),NBA Live Stream: (Worldwide),NBA Reddit: (Worldwide)
2017-10-16,10,1,<1,8
2017-10-17,10,12,6,22
2017-10-18,16,24,32,100
2017-10-19,17,10,10,52
2017-10-20,15,11,16,63
2017-10-21,22,9,11,51
2017-10-22,11,10,13,50
2017-10-23,15,7,9,36
2017-10-24,18,7,9,44
2017-10-25,17,8,7,34
2017-10-26,16,8,10,52
2017-10-27,16,7,7,35
2017-10-28,14,10,13,49
2017-10-29,15,6,11,44
2017-10-30,15,6,4,30
2017-10-31,15,5,7,38
2017-11-01,12,4,6,36
2017-11-02,20,4,7,32
2017-11-03,11,5,8,40
2017-11-04,20,7,11,48
2017-11-05,13,6,8,40
2017-11-06,14,5,6,35
2017-11-07,13,4,5,28
2017-11-08,20,6,7,41
2017-11-09,9,5,6,38
2017-11-10,14,7,7,45
2017-11-11,29,4,8,32
2017-11-12,11,8,12,59
2017-11-13,8,2,1,15
2017-11-14,10,7,9,47
2017-11-15,18,5,6,27
2017-11-16,49,6,9,43
2017-11-17,13,7,11,44
2017-11-18,23,5,6,41
2017-11-19,16,6,10,46
2017-11-20,12,3,4,23
2017-11-21,16,4,7,37
2017-11-22,10,3,4,22
2017-11-23,19,7,12,52
2017-11-24,13,2,2,11
2017-11-25,42,7,9,32
2017-11-26,16,5,7,41
2017-11-27,9,2,1,12
2017-11-28,10,5,10,42
2017-11-29,10,4,4,24
2017-11-30,13,7,8,48
2017-12-01,11,7,6,32
2017-12-02,13,6,7,35
2017-12-03,8,5,8,35
2017-12-04,10,2,5,28
2017-12-05,15,4,6,33
2017-12-06,14,3,4,24
2017-12-07,28,4,6,29
2017-12-08,14,3,5,29
2017-12-09,20,6,9,44
2017-12-10,28,7,14,47
2017-12-11,10,2,2,17
2017-12-12,15,6,7,33
2017-12-13,9,4,5,31
2017-12-14,19,2,4,25
2017-12-15,13,5,8,33
2017-12-16,18,4,6,36
2017-12-17,11,6,10,42
2017-12-18,13,4,2,13
2017-12-19,16,10,10,53
2017-12-20,13,4,4,25
2017-12-21,15,8,9,42
2017-12-22,11,4,7,33
2017-12-23,19,5,9,37
2017-12-24,16,4,8,34
2017-12-25,9,19,28,66
2017-12-26,12,6,7,33
2017-12-27,17,3,4,22
2017-12-28,20,5,7,33
2017-12-29,12,4,5,32
2017-12-30,32,5,9,30
2017-12-31,13,6,11,34
2018-01-01,11,2,4,28
2018-01-02,10,4,4,21
2018-01-03,13,7,9,35
2018-01-04,8,8,16,57
2018-01-05,10,5,8,28
2018-01-06,21,7,12,46
2018-01-07,9,5,8,27
2018-01-08,8,3,4,23
2018-01-09,7,4,7,28
2018-01-10,12,3,5,25
2018-01-11,12,5,8,35
2018-01-12,12,4,6,27
2018-01-13,24,5,9,37
2018-01-14,16,6,8,37
2018-01-15,15,5,7,28
2018-01-16,10,9,14,47
2018-01-17,13,4,3,24
2018-01-18,16,3,4,32
2018-01-19,12,4,5,29
2018-01-20,16,6,11,41
2018-01-21,17,6,10,44
2018-01-22,12,2,1,11
2018-01-23,15,3,4,27
2018-01-24,12,4,7,39
2018-01-25,11,4,4,24
2018-01-26,10,4,4,28
2018-01-27,14,6,8,45
2018-01-28,12,6,15,51
2018-01-29,10,3,4,21
2018-01-30,13,3,3,28
2018-01-31,8,4,8,36
2018-02-01,13,3,5,29
2018-02-02,11,4,5,32
2018-02-03,17,5,7,39
2018-02-04,15,6,13,48
2018-02-05,11,2,2,12
2018-02-06,13,2,3,21
2018-02-07,16,8,11,52
2018-02-08,19,4,6,40
2018-02-09,15,5,7,36
2018-02-10,13,4,7,40
2018-02-11,22,9,17,71
2018-02-12,9,4,3,20
2018-02-13,8,4,5,30
2018-02-14,9,7,11,42
2018-02-15,9,4,8,41
2018-02-16,8,5,5,21
2018-02-17,7,10,14,34
2018-02-18,7,21,31,60
2018-02-19,9,23,44,64
2018-02-20,8,2,1,8
2018-02-21,9,2,1,8
2018-02-22,9,2,<1,9
2018-02-23,13,5,10,33
2018-02-24,14,5,9,46
2018-02-25,19,7,17,61
2018-02-26,8,2,2,17
2018-02-27,12,5,8,33
2018-02-28,16,3,8,30
2018-03-01,13,5,7,30
2018-03-02,9,3,7,30
2018-03-03,16,4,6,31
2018-03-04,11,6,13,50
2018-03-05,12,3,3,19
2018-03-06,10,4,5,31
2018-03-07,13,4,7,33
2018-03-08,10,4,7,38
2018-03-09,12,5,7,30
2018-03-10,13,7,13,49
2018-03-11,11,6,11,39
2018-03-12,7,3,5,27
2018-03-13,8,2,2,21
2018-03-14,9,3,6,28
2018-03-15,7,3,6,32
2018-03-16,7,5,7,32
2018-03-17,7,4,7,28
2018-03-18,9,5,11,42
2018-03-19,8,3,5,20
2018-03-20,10,3,4,25
2018-03-21,10,5,8,38
2018-03-22,18,3,6,27
2018-03-23,33,2,5,24
2018-03-24,14,4,8,31
2018-03-25,16,5,11,35
2018-03-26,11,4,5,24
2018-03-27,14,2,3,24
2018-03-28,19,5,7,32
2018-03-29,33,4,3,24
2018-03-30,12,3,5,23
2018-03-31,15,6,8,36
2018-04-01,20,6,8,42
2018-04-02,8,3,3,19
2018-04-03,9,3,4,20
2018-04-04,10,5,8,39
2018-04-05,8,4,3,28
2018-04-06,9,5,7,35
2018-04-07,10,5,8,33
2018-04-08,16,5,8,35
2018-04-09,9,3,3,18
2018-04-10,9,3,5,29
2018-04-11,9,4,5,27
2018-04-12,7,8,12,57
