Day,Indiana Pacers: (Worldwide),Watch NBA: (Worldwide),NBA Live Stream: (Worldwide),NBA Reddit: (Worldwide)
2016-10-24,17,4,1,12
2016-10-25,24,19,13,24
2016-10-26,45,32,30,55
2016-10-27,66,15,13,38
2016-10-28,33,17,12,38
2016-10-29,48,22,18,39
2016-10-30,37,18,17,48
2016-10-31,20,8,6,32
2016-11-01,35,12,11,31
2016-11-02,42,17,14,40
2016-11-03,27,11,10,31
2016-11-04,34,23,24,56
2016-11-05,31,16,18,46
2016-11-06,31,8,14,33
2016-11-07,23,8,6,23
2016-11-08,24,8,8,34
2016-11-09,18,8,7,22
2016-11-10,28,8,10,35
2016-11-11,25,9,9,32
2016-11-12,39,11,11,31
2016-11-13,34,13,14,38
2016-11-14,23,8,6,30
2016-11-15,29,7,7,23
2016-11-16,31,9,9,25
2016-11-17,58,9,7,33
2016-11-18,23,5,6,20
2016-11-19,35,13,12,28
2016-11-20,28,13,8,30
2016-11-21,54,6,3,25
2016-11-22,56,10,7,27
2016-11-23,22,7,5,23
2016-11-24,22,9,9,33
2016-11-25,21,5,3,16
2016-11-26,22,13,11,36
2016-11-27,25,9,9,30
2016-11-28,29,5,4,19
2016-11-29,17,7,6,25
2016-11-30,16,6,6,22
2016-12-01,25,9,8,29
2016-12-02,16,11,11,31
2016-12-03,13,7,8,31
2016-12-04,21,6,7,27
2016-12-05,38,4,3,21
2016-12-06,100,15,12,39
2016-12-07,27,5,5,19
2016-12-08,26,10,8,32
2016-12-09,21,7,6,26
2016-12-10,30,5,7,25
2016-12-11,31,11,11,31
2016-12-12,19,5,5,24
2016-12-13,27,5,5,24
2016-12-14,18,8,8,30
2016-12-15,34,4,6,27
2016-12-16,24,9,5,21
2016-12-17,18,6,7,24
2016-12-18,25,7,12,33
2016-12-19,22,3,2,17
2016-12-20,33,6,3,18
2016-12-21,34,8,10,40
2016-12-22,21,6,4,25
2016-12-23,31,5,7,24
2016-12-24,14,7,11,35
2016-12-25,15,27,35,52
2016-12-26,16,12,6,31
2016-12-27,26,8,5,23
2016-12-28,28,6,3,19
2016-12-29,27,10,7,27
2016-12-30,40,6,7,29
2016-12-31,30,6,11,25
2017-01-01,27,7,4,21
2017-01-02,23,4,4,18
2017-01-03,20,6,7,26
2017-01-04,24,4,4,18
2017-01-05,19,8,7,24
2017-01-06,29,7,6,31
2017-01-07,29,8,6,30
2017-01-08,37,8,9,27
2017-01-09,19,7,7,29
2017-01-10,19,5,3,19
2017-01-11,19,8,7,33
2017-01-12,43,8,6,28
2017-01-13,24,6,5,20
2017-01-14,18,8,9,26
2017-01-15,16,6,7,25
2017-01-16,28,7,10,30
2017-01-17,21,16,19,43
2017-01-18,16,5,5,25
2017-01-19,34,8,8,38
2017-01-20,17,6,5,26
2017-01-21,56,10,12,37
2017-01-22,35,9,13,42
2017-01-23,22,5,2,15
2017-01-24,43,8,7,31
2017-01-25,17,6,5,25
2017-01-26,20,5,7,35
2017-01-27,32,5,3,25
2017-01-28,34,6,4,28
2017-01-29,25,13,13,43
2017-01-30,26,7,5,27
2017-01-31,16,6,4,27
2017-02-01,15,4,4,29
2017-02-02,24,7,6,33
2017-02-03,19,7,5,30
2017-02-04,35,7,6,26
2017-02-05,27,11,11,46
2017-02-06,21,4,2,14
2017-02-07,34,9,9,34
2017-02-08,32,3,1,20
2017-02-09,59,9,8,35
2017-02-10,24,8,5,29
2017-02-11,45,8,10,39
2017-02-12,37,15,11,53
2017-02-13,21,6,2,22
2017-02-14,28,6,6,35
2017-02-15,24,6,4,24
2017-02-16,55,8,6,36
2017-02-17,36,7,5,21
2017-02-18,22,19,18,33
2017-02-19,24,39,44,57
2017-02-20,27,38,64,69
2017-02-21,30,4,2,22
2017-02-22,34,3,1,26
2017-02-23,46,5,2,39
2017-02-24,29,10,6,48
2017-02-25,34,8,7,39
2017-02-26,29,7,10,49
2017-02-27,21,4,5,34
2017-02-28,32,7,6,39
2017-03-01,19,6,7,38
2017-03-02,27,10,8,38
2017-03-03,16,8,5,32
2017-03-04,13,7,8,41
2017-03-05,34,11,11,49
2017-03-06,22,4,3,24
2017-03-07,24,6,5,43
2017-03-08,20,5,3,28
2017-03-09,22,7,4,42
2017-03-10,17,5,5,27
2017-03-11,22,6,10,44
2017-03-12,31,8,8,51
2017-03-13,25,6,6,32
2017-03-14,25,6,6,30
2017-03-15,27,9,5,37
2017-03-16,20,8,6,37
2017-03-17,11,6,4,32
2017-03-18,14,6,4,32
2017-03-19,22,8,8,43
2017-03-20,21,6,5,29
2017-03-21,21,8,6,43
2017-03-22,19,4,5,36
2017-03-23,27,5,3,31
2017-03-24,21,4,4,23
2017-03-25,23,10,6,43
2017-03-26,25,10,11,43
2017-03-27,22,6,5,29
2017-03-28,21,8,6,35
2017-03-29,40,8,7,48
2017-03-30,31,10,9,42
2017-03-31,26,5,5,36
2017-04-01,31,9,9,55
2017-04-02,42,10,8,47
2017-04-03,73,4,4,27
2017-04-04,31,6,3,24
2017-04-05,61,9,6,38
2017-04-06,42,10,8,47
2017-04-07,49,4,3,24
2017-04-08,41,9,8,39
2017-04-09,43,12,12,59
2017-04-10,35,5,3,26
2017-04-11,61,6,6,47
2017-04-12,43,5,3,28
