Day,Toronto Raptors: (Worldwide),Watch NBA: (Worldwide),NBA Live Stream: (Worldwide),NBA Reddit: (Worldwide)
2016-10-24,18,2,1,6
2016-10-25,23,9,6,12
2016-10-26,40,16,15,27
2016-10-27,58,7,6,19
2016-10-28,44,8,6,18
2016-10-29,70,11,9,19
2016-10-30,27,9,8,24
2016-10-31,32,4,3,16
2016-11-01,43,6,5,15
2016-11-02,31,8,7,19
2016-11-03,35,6,5,15
2016-11-04,35,11,12,27
2016-11-05,53,8,9,23
2016-11-06,37,4,7,16
2016-11-07,39,4,3,11
2016-11-08,20,4,4,16
2016-11-09,21,4,3,11
2016-11-10,54,4,5,17
2016-11-11,28,5,4,16
2016-11-12,55,5,6,15
2016-11-13,76,6,7,18
2016-11-14,30,4,3,15
2016-11-15,34,4,3,11
2016-11-16,73,4,4,12
2016-11-17,100,4,3,16
2016-11-18,29,3,3,10
2016-11-19,50,6,6,14
2016-11-20,30,6,4,14
2016-11-21,64,3,1,12
2016-11-22,49,5,4,13
2016-11-23,25,3,2,11
2016-11-24,36,4,4,16
2016-11-25,23,3,1,8
2016-11-26,40,6,5,17
2016-11-27,22,4,4,15
2016-11-28,25,2,2,9
2016-11-29,40,4,3,12
2016-11-30,28,3,3,11
2016-12-01,40,4,4,14
2016-12-02,30,5,5,15
2016-12-03,56,4,4,15
2016-12-04,52,3,3,13
2016-12-05,33,2,1,10
2016-12-06,77,7,6,19
2016-12-07,25,2,2,9
2016-12-08,28,5,4,16
2016-12-09,65,3,3,13
2016-12-10,50,2,4,12
2016-12-11,26,5,5,15
2016-12-12,27,2,3,12
2016-12-13,43,2,2,12
2016-12-14,24,4,4,15
2016-12-15,39,2,3,13
2016-12-16,30,4,3,10
2016-12-17,48,3,3,12
2016-12-18,31,3,6,16
2016-12-19,37,1,1,8
2016-12-20,29,3,2,9
2016-12-21,43,4,5,20
2016-12-22,24,3,2,12
2016-12-23,26,2,4,12
2016-12-24,48,4,5,17
2016-12-25,26,13,17,25
2016-12-26,23,6,3,15
2016-12-27,44,4,3,11
2016-12-28,30,3,2,9
2016-12-29,85,5,3,13
2016-12-30,47,3,3,14
2016-12-31,22,3,5,12
2017-01-01,26,3,2,10
2017-01-02,51,2,2,9
2017-01-03,27,3,3,12
2017-01-04,42,2,2,9
2017-01-05,29,4,3,11
2017-01-06,51,3,3,15
2017-01-07,32,4,3,15
2017-01-08,73,4,4,13
2017-01-09,43,3,3,14
2017-01-10,26,2,1,9
2017-01-11,65,4,4,16
2017-01-12,29,4,3,14
2017-01-13,27,3,3,10
2017-01-14,45,4,4,13
2017-01-15,48,3,3,12
2017-01-16,32,3,5,15
2017-01-17,28,8,9,21
2017-01-18,44,2,2,12
2017-01-19,41,4,4,19
2017-01-20,26,3,2,13
2017-01-21,37,5,6,18
2017-01-22,30,5,6,20
2017-01-23,36,2,1,7
2017-01-24,26,4,3,15
2017-01-25,43,3,3,12
2017-01-26,38,2,3,17
2017-01-27,25,2,1,12
2017-01-28,38,3,2,13
2017-01-29,31,6,6,21
2017-01-30,36,3,3,13
2017-01-31,25,3,2,13
2017-02-01,42,2,2,14
2017-02-02,46,4,3,16
2017-02-03,23,3,2,15
2017-02-04,37,4,3,13
2017-02-05,41,6,5,22
2017-02-06,25,2,1,7
2017-02-07,35,4,4,17
2017-02-08,19,2,1,10
2017-02-09,36,4,4,17
2017-02-10,23,4,2,14
2017-02-11,23,4,5,19
2017-02-12,30,7,5,26
2017-02-13,37,3,1,11
2017-02-14,67,3,3,17
2017-02-15,71,3,2,12
2017-02-16,60,4,3,18
2017-02-17,26,4,2,10
2017-02-18,20,9,9,16
2017-02-19,18,19,22,28
2017-02-20,24,19,31,34
2017-02-21,25,2,1,11
2017-02-22,29,1,<1,13
2017-02-23,52,3,1,19
2017-02-24,46,5,3,24
2017-02-25,93,4,3,19
2017-02-26,44,3,5,24
2017-02-27,62,2,3,17
2017-02-28,56,3,3,19
2017-03-01,33,3,3,19
2017-03-02,49,5,4,19
2017-03-03,25,4,2,16
2017-03-04,55,4,4,20
2017-03-05,45,5,6,24
2017-03-06,21,2,2,12
2017-03-07,21,3,3,21
2017-03-08,23,3,2,13
2017-03-09,41,4,2,20
2017-03-10,26,2,2,13
2017-03-11,47,3,5,22
2017-03-12,41,4,4,25
2017-03-13,27,3,3,16
2017-03-14,35,3,3,14
2017-03-15,22,4,2,18
2017-03-16,27,4,3,18
2017-03-17,37,3,2,16
2017-03-18,32,3,2,16
2017-03-19,32,4,4,21
2017-03-20,31,3,3,14
2017-03-21,33,4,3,21
2017-03-22,88,2,2,18
2017-03-23,31,2,2,15
2017-03-24,45,2,2,11
2017-03-25,33,5,3,21
2017-03-26,51,5,5,21
2017-03-27,30,3,2,14
2017-03-28,47,4,3,17
2017-03-29,28,4,3,23
2017-03-30,39,5,5,20
2017-03-31,29,3,3,18
2017-04-01,42,4,5,27
2017-04-02,39,5,4,23
2017-04-03,34,2,2,13
2017-04-04,29,3,2,12
2017-04-05,52,4,3,19
2017-04-06,51,5,4,23
2017-04-07,37,2,1,12
2017-04-08,59,4,4,19
2017-04-09,51,6,6,29
2017-04-10,32,3,2,13
2017-04-11,38,3,3,23
2017-04-12,44,3,1,14
