Day,New York Knicks: (Worldwide),Watch NBA: (Worldwide),NBA Live Stream: (Worldwide),NBA Reddit: (Worldwide)
2017-10-16,14,1,<1,4
2017-10-17,16,6,3,12
2017-10-18,21,13,18,54
2017-10-19,34,6,5,28
2017-10-20,71,6,9,34
2017-10-21,24,5,6,28
2017-10-22,30,6,7,27
2017-10-23,20,4,5,19
2017-10-24,26,4,5,24
2017-10-25,29,4,4,19
2017-10-26,19,4,5,28
2017-10-27,21,4,4,19
2017-10-28,32,6,7,27
2017-10-29,26,3,6,24
2017-10-30,51,3,2,16
2017-10-31,45,3,4,21
2017-11-01,26,2,3,19
2017-11-02,32,2,4,17
2017-11-03,24,3,4,22
2017-11-04,39,4,6,26
2017-11-05,24,3,4,22
2017-11-06,51,3,3,19
2017-11-07,29,2,3,15
2017-11-08,63,3,4,22
2017-11-09,40,3,3,21
2017-11-10,22,4,4,24
2017-11-11,25,2,5,17
2017-11-12,51,5,6,32
2017-11-13,36,1,1,8
2017-11-14,100,4,5,26
2017-11-15,32,3,3,15
2017-11-16,49,3,5,24
2017-11-17,26,4,6,24
2017-11-18,34,3,3,22
2017-11-19,21,3,6,25
2017-11-20,22,1,2,12
2017-11-21,39,2,4,20
2017-11-22,25,1,2,12
2017-11-23,47,4,6,29
2017-11-24,27,1,1,6
2017-11-25,40,4,5,17
2017-11-26,34,3,4,22
2017-11-27,21,1,1,6
2017-11-28,30,3,5,23
2017-11-29,20,2,2,13
2017-11-30,35,4,4,26
2017-12-01,18,4,3,17
2017-12-02,18,3,4,19
2017-12-03,34,3,4,19
2017-12-04,20,1,3,15
2017-12-05,23,2,3,18
2017-12-06,18,2,2,13
2017-12-07,29,2,3,16
2017-12-08,17,1,3,16
2017-12-09,20,3,5,24
2017-12-10,32,4,7,25
2017-12-11,31,1,1,9
2017-12-12,22,3,4,18
2017-12-13,56,2,3,17
2017-12-14,24,1,2,14
2017-12-15,34,3,4,18
2017-12-16,30,2,3,19
2017-12-17,59,3,5,23
2017-12-18,26,2,1,7
2017-12-19,28,5,6,29
2017-12-20,21,2,2,13
2017-12-21,25,4,5,23
2017-12-22,64,2,4,18
2017-12-23,37,3,5,20
2017-12-24,21,2,4,19
2017-12-25,74,10,15,36
2017-12-26,21,4,4,18
2017-12-27,21,1,2,12
2017-12-28,34,3,4,18
2017-12-29,29,2,3,17
2017-12-30,19,3,5,16
2017-12-31,34,3,6,18
2018-01-01,20,1,2,15
2018-01-02,20,2,2,12
2018-01-03,34,4,5,19
2018-01-04,24,4,9,31
2018-01-05,17,3,4,15
2018-01-06,30,4,6,25
2018-01-07,18,3,4,15
2018-01-08,29,2,2,12
2018-01-09,16,2,4,15
2018-01-10,22,1,3,14
2018-01-11,35,3,4,19
2018-01-12,20,2,3,15
2018-01-13,30,3,5,20
2018-01-14,38,3,5,20
2018-01-15,30,3,4,15
2018-01-16,19,5,8,26
2018-01-17,17,2,2,13
2018-01-18,22,1,2,17
2018-01-19,17,2,3,16
2018-01-20,35,3,6,22
2018-01-21,34,3,5,24
2018-01-22,19,1,1,6
2018-01-23,20,2,2,14
2018-01-24,33,2,4,21
2018-01-25,21,2,2,13
2018-01-26,27,2,2,15
2018-01-27,31,3,4,25
2018-01-28,21,3,8,28
2018-01-29,21,1,2,12
2018-01-30,24,2,2,15
2018-01-31,33,2,4,19
2018-02-01,33,1,3,16
2018-02-02,22,2,3,17
2018-02-03,29,3,4,21
2018-02-04,28,3,7,26
2018-02-05,18,1,1,6
2018-02-06,20,1,2,12
2018-02-07,47,4,6,28
2018-02-08,46,2,3,22
2018-02-09,34,3,4,19
2018-02-10,20,2,4,22
2018-02-11,27,5,9,39
2018-02-12,23,2,1,11
2018-02-13,23,2,3,16
2018-02-14,16,4,6,23
2018-02-15,23,2,5,22
2018-02-16,14,3,3,12
2018-02-17,12,6,7,18
2018-02-18,12,12,17,33
2018-02-19,12,12,24,35
2018-02-20,12,1,1,4
2018-02-21,11,1,<1,4
2018-02-22,14,1,<1,5
2018-02-23,21,3,5,18
2018-02-24,17,3,5,25
2018-02-25,26,4,9,33
2018-02-26,18,1,1,9
2018-02-27,28,2,4,18
2018-02-28,14,2,4,16
2018-03-01,14,2,4,16
2018-03-02,14,2,4,16
2018-03-03,18,2,4,17
2018-03-04,15,4,7,27
2018-03-05,17,2,2,10
2018-03-06,13,2,2,17
2018-03-07,17,2,4,18
2018-03-08,10,2,4,21
2018-03-09,12,3,4,17
2018-03-10,18,4,7,27
2018-03-11,23,3,6,21
2018-03-12,13,2,3,15
2018-03-13,14,1,1,12
2018-03-14,13,1,3,15
2018-03-15,12,2,3,17
2018-03-16,14,3,4,17
2018-03-17,12,2,4,15
2018-03-18,15,3,6,23
2018-03-19,15,2,3,11
2018-03-20,15,2,2,14
2018-03-21,14,3,4,21
2018-03-22,15,2,3,14
2018-03-23,14,1,3,13
2018-03-24,17,2,4,17
2018-03-25,14,3,6,19
2018-03-26,17,2,2,13
2018-03-27,15,1,1,13
2018-03-28,14,3,4,18
2018-03-29,16,2,2,13
2018-03-30,12,2,3,12
2018-03-31,16,3,5,19
2018-04-01,14,3,4,23
2018-04-02,12,1,2,11
2018-04-03,12,2,2,11
2018-04-04,15,2,4,21
2018-04-05,11,2,1,15
2018-04-06,13,3,4,19
2018-04-07,19,3,4,18
2018-04-08,15,2,4,19
2018-04-09,15,2,2,10
2018-04-10,24,2,3,16
2018-04-11,13,2,3,14
2018-04-12,28,4,7,31
