Day,Phoenix Suns: (Worldwide),Watch NBA: (Worldwide),NBA Live Stream: (Worldwide),NBA Reddit: (Worldwide)
2016-10-24,10,2,1,7
2016-10-25,15,12,7,14
2016-10-26,17,19,17,33
2016-10-27,29,9,9,24
2016-10-28,17,10,7,21
2016-10-29,37,12,10,25
2016-10-30,42,11,10,26
2016-10-31,41,5,3,17
2016-11-01,27,7,6,18
2016-11-02,16,9,7,24
2016-11-03,25,7,5,18
2016-11-04,16,13,15,30
2016-11-05,26,9,11,27
2016-11-06,16,6,8,20
2016-11-07,42,4,3,13
2016-11-08,15,6,5,19
2016-11-09,19,5,4,12
2016-11-10,20,5,6,20
2016-11-11,11,5,5,18
2016-11-12,13,6,6,18
2016-11-13,21,7,8,20
2016-11-14,39,4,4,15
2016-11-15,13,4,3,13
2016-11-16,13,5,4,17
2016-11-17,15,5,5,19
2016-11-18,12,4,3,12
2016-11-19,19,6,6,18
2016-11-20,16,7,5,19
2016-11-21,10,3,2,14
2016-11-22,13,5,3,15
2016-11-23,12,4,3,14
2016-11-24,14,5,5,19
2016-11-25,11,3,2,8
2016-11-26,17,8,7,20
2016-11-27,17,6,5,18
2016-11-28,11,3,2,11
2016-11-29,11,4,3,15
2016-11-30,12,3,3,13
2016-12-01,15,5,4,18
2016-12-02,13,7,6,20
2016-12-03,12,6,5,16
2016-12-04,32,4,4,16
2016-12-05,12,3,2,11
2016-12-06,11,9,6,23
2016-12-07,17,3,3,12
2016-12-08,14,5,5,18
2016-12-09,12,4,4,15
2016-12-10,30,4,4,17
2016-12-11,13,6,5,18
2016-12-12,17,3,3,15
2016-12-13,16,3,2,14
2016-12-14,30,4,5,16
2016-12-15,13,2,3,15
2016-12-16,18,4,3,13
2016-12-17,16,3,3,14
2016-12-18,17,5,6,19
2016-12-19,12,2,2,10
2016-12-20,14,3,2,10
2016-12-21,13,5,6,22
2016-12-22,19,4,3,15
2016-12-23,12,3,5,14
2016-12-24,16,5,6,20
2016-12-25,11,18,21,32
2016-12-26,10,5,4,16
2016-12-27,14,4,3,13
2016-12-28,12,4,2,12
2016-12-29,19,6,4,16
2016-12-30,22,3,3,16
2016-12-31,12,4,6,15
2017-01-01,15,4,3,11
2017-01-02,12,2,2,10
2017-01-03,19,4,4,14
2017-01-04,17,3,3,12
2017-01-05,14,4,4,14
2017-01-06,14,4,3,16
2017-01-07,14,4,4,18
2017-01-08,17,4,5,17
2017-01-09,33,4,4,16
2017-01-10,15,2,2,12
2017-01-11,10,5,5,20
2017-01-12,14,4,3,16
2017-01-13,20,3,3,13
2017-01-14,16,4,5,18
2017-01-15,25,3,4,14
2017-01-16,14,4,5,16
2017-01-17,20,9,10,24
2017-01-18,11,2,2,14
2017-01-19,13,5,5,23
2017-01-20,21,4,3,15
2017-01-21,12,5,6,20
2017-01-22,24,6,7,24
2017-01-23,17,2,1,8
2017-01-24,15,4,5,18
2017-01-25,21,3,3,15
2017-01-26,13,3,4,21
2017-01-27,16,3,2,14
2017-01-28,15,4,3,17
2017-01-29,20,6,7,26
2017-01-30,13,4,3,16
2017-01-31,22,3,3,15
2017-02-01,15,3,2,16
2017-02-02,18,4,4,19
2017-02-03,14,3,3,17
2017-02-04,23,4,3,16
2017-02-05,21,6,6,25
2017-02-06,11,2,1,8
2017-02-07,14,5,5,21
2017-02-08,12,3,1,11
2017-02-09,17,5,4,20
2017-02-10,15,5,3,17
2017-02-11,33,4,6,20
2017-02-12,23,9,8,31
2017-02-13,14,3,1,12
2017-02-14,16,4,3,19
2017-02-15,16,4,3,15
2017-02-16,21,4,3,19
2017-02-17,11,4,3,12
2017-02-18,11,11,10,19
2017-02-19,19,21,27,32
2017-02-20,15,22,36,40
2017-02-21,16,2,1,14
2017-02-22,16,2,<1,16
2017-02-23,23,3,1,22
2017-02-24,20,6,4,28
2017-02-25,22,5,5,24
2017-02-26,21,5,6,28
2017-02-27,14,3,3,19
2017-02-28,13,4,3,23
2017-03-01,16,3,4,22
2017-03-02,14,4,4,22
2017-03-03,22,4,3,18
2017-03-04,28,4,5,25
2017-03-05,22,6,7,27
2017-03-06,29,2,2,15
2017-03-07,18,4,4,25
2017-03-08,25,3,2,15
2017-03-09,16,4,3,23
2017-03-10,26,3,2,16
2017-03-11,14,3,6,27
2017-03-12,21,5,6,27
2017-03-13,17,3,3,18
2017-03-14,11,3,3,18
2017-03-15,10,4,3,20
2017-03-16,20,4,3,20
2017-03-17,12,3,3,18
2017-03-18,18,3,2,19
2017-03-19,15,4,5,24
2017-03-20,11,3,3,16
2017-03-21,13,4,4,24
2017-03-22,12,3,3,21
2017-03-23,13,2,2,18
2017-03-24,21,2,2,14
2017-03-25,100,5,4,24
2017-03-26,29,6,7,26
2017-03-27,17,3,3,17
2017-03-28,17,5,4,21
2017-03-29,16,4,3,27
2017-03-30,15,4,5,25
2017-03-31,20,4,3,21
2017-04-01,15,6,5,31
2017-04-02,27,5,5,26
2017-04-03,23,3,3,18
2017-04-04,13,3,2,15
2017-04-05,16,5,4,22
2017-04-06,38,5,5,27
2017-04-07,18,3,2,13
2017-04-08,46,5,5,24
2017-04-09,25,6,7,34
2017-04-10,17,2,2,14
2017-04-11,13,4,4,26
2017-04-12,18,3,2,18
