Day,Washington Wizards: (Worldwide),Watch NBA: (Worldwide),NBA Live Stream: (Worldwide),NBA Reddit: (Worldwide)
2016-10-24,9,2,1,6
2016-10-25,10,10,7,13
2016-10-26,10,17,15,28
2016-10-27,18,8,7,20
2016-10-28,21,9,6,19
2016-10-29,11,11,9,20
2016-10-30,11,9,9,25
2016-10-31,15,4,3,17
2016-11-01,10,6,6,16
2016-11-02,16,9,7,20
2016-11-03,18,6,5,16
2016-11-04,15,12,12,29
2016-11-05,21,8,9,24
2016-11-06,13,4,7,17
2016-11-07,14,4,3,12
2016-11-08,15,4,4,17
2016-11-09,9,4,4,11
2016-11-10,17,4,5,18
2016-11-11,14,5,4,16
2016-11-12,28,6,6,16
2016-11-13,14,6,7,19
2016-11-14,9,4,3,15
2016-11-15,8,4,3,12
2016-11-16,13,5,5,13
2016-11-17,20,4,3,17
2016-11-18,22,3,3,10
2016-11-19,10,6,6,14
2016-11-20,15,7,4,15
2016-11-21,11,3,2,13
2016-11-22,13,5,4,14
2016-11-23,9,4,3,12
2016-11-24,7,5,4,17
2016-11-25,10,3,1,8
2016-11-26,17,7,5,18
2016-11-27,16,5,4,15
2016-11-28,12,3,2,10
2016-11-29,15,4,3,13
2016-11-30,9,3,3,11
2016-12-01,19,4,4,15
2016-12-02,9,6,5,16
2016-12-03,17,4,4,16
2016-12-04,10,3,4,14
2016-12-05,8,2,1,11
2016-12-06,17,8,6,20
2016-12-07,18,2,2,10
2016-12-08,12,5,4,17
2016-12-09,15,4,3,13
2016-12-10,12,3,4,13
2016-12-11,16,6,6,16
2016-12-12,11,3,3,12
2016-12-13,12,2,2,12
2016-12-14,12,4,4,15
2016-12-15,13,2,3,14
2016-12-16,13,4,3,11
2016-12-17,15,3,4,12
2016-12-18,18,4,6,17
2016-12-19,16,2,1,9
2016-12-20,14,3,2,9
2016-12-21,11,4,5,21
2016-12-22,18,3,2,13
2016-12-23,11,3,4,12
2016-12-24,13,4,6,18
2016-12-25,11,14,18,27
2016-12-26,13,6,3,16
2016-12-27,18,4,3,12
2016-12-28,14,3,2,10
2016-12-29,22,5,4,14
2016-12-30,15,3,3,15
2016-12-31,21,3,5,13
2017-01-01,11,3,2,11
2017-01-02,13,2,2,9
2017-01-03,21,3,4,13
2017-01-04,16,2,2,9
2017-01-05,8,4,4,12
2017-01-06,16,4,3,16
2017-01-07,19,4,3,15
2017-01-08,19,4,4,14
2017-01-09,13,3,4,15
2017-01-10,15,2,2,10
2017-01-11,23,4,4,17
2017-01-12,17,4,3,15
2017-01-13,11,3,3,10
2017-01-14,14,4,4,13
2017-01-15,19,3,3,13
2017-01-16,18,3,5,16
2017-01-17,13,8,10,22
2017-01-18,12,2,3,13
2017-01-19,22,4,4,20
2017-01-20,24,3,3,14
2017-01-21,13,5,6,19
2017-01-22,19,5,7,21
2017-01-23,12,2,1,8
2017-01-24,28,4,4,16
2017-01-25,39,3,3,13
2017-01-26,16,2,3,18
2017-01-27,13,3,1,13
2017-01-28,25,3,2,14
2017-01-29,21,7,7,22
2017-01-30,19,3,3,14
2017-01-31,19,3,2,14
2017-02-01,27,2,2,15
2017-02-02,19,4,3,17
2017-02-03,27,3,2,15
2017-02-04,22,4,3,14
2017-02-05,25,6,6,23
2017-02-06,24,2,1,7
2017-02-07,100,5,4,18
2017-02-08,24,2,1,10
2017-02-09,25,5,4,18
2017-02-10,22,4,2,15
2017-02-11,33,4,5,20
2017-02-12,21,8,6,27
2017-02-13,20,3,1,11
2017-02-14,40,3,3,18
2017-02-15,16,3,2,12
2017-02-16,24,4,3,19
2017-02-17,27,4,3,11
2017-02-18,13,10,9,17
2017-02-19,15,20,23,29
2017-02-20,16,20,33,35
2017-02-21,18,2,1,12
2017-02-22,25,2,<1,14
2017-02-23,26,3,1,20
2017-02-24,22,5,3,25
2017-02-25,28,4,4,20
2017-02-26,24,4,5,25
2017-02-27,19,2,3,18
2017-02-28,23,4,3,20
2017-03-01,68,3,4,20
2017-03-02,35,5,4,19
2017-03-03,22,4,2,17
2017-03-04,31,4,4,21
2017-03-05,21,5,6,25
2017-03-06,21,2,2,12
2017-03-07,17,3,3,22
2017-03-08,28,3,2,14
2017-03-09,24,4,2,21
2017-03-10,14,3,2,14
2017-03-11,34,3,5,23
2017-03-12,42,4,4,26
2017-03-13,22,3,3,16
2017-03-14,24,3,3,15
2017-03-15,20,5,3,19
2017-03-16,20,4,3,19
2017-03-17,15,3,2,17
2017-03-18,25,3,2,17
2017-03-19,18,4,4,22
2017-03-20,19,3,3,15
2017-03-21,20,4,3,22
2017-03-22,16,2,3,18
2017-03-23,27,2,2,16
2017-03-24,16,2,2,12
2017-03-25,29,5,3,22
2017-03-26,43,5,6,22
2017-03-27,16,3,2,15
2017-03-28,17,4,3,18
2017-03-29,36,4,3,24
2017-03-30,31,5,5,22
2017-03-31,16,3,3,18
2017-04-01,26,5,5,28
2017-04-02,18,5,4,24
2017-04-03,37,2,2,14
2017-04-04,20,3,2,12
2017-04-05,18,4,3,20
2017-04-06,20,5,4,24
2017-04-07,22,2,1,12
2017-04-08,18,5,4,20
2017-04-09,22,6,6,30
2017-04-10,15,3,2,13
2017-04-11,23,3,3,24
2017-04-12,21,3,1,14
