Day,Dallas Mavericks: (Worldwide),Watch NBA: (Worldwide),NBA Live Stream: (Worldwide),NBA Reddit: (Worldwide)
2016-10-24,20,3,1,10
2016-10-25,22,16,11,21
2016-10-26,43,27,25,46
2016-10-27,48,13,11,32
2016-10-28,34,14,11,32
2016-10-29,55,19,16,33
2016-10-30,28,15,14,41
2016-10-31,38,7,5,27
2016-11-01,21,10,10,27
2016-11-02,24,14,12,34
2016-11-03,39,10,8,26
2016-11-04,32,19,20,47
2016-11-05,49,14,15,39
2016-11-06,36,7,12,28
2016-11-07,52,6,5,19
2016-11-08,29,7,7,29
2016-11-09,53,7,6,18
2016-11-10,76,7,8,29
2016-11-11,30,8,7,27
2016-11-12,25,9,10,26
2016-11-13,20,11,12,32
2016-11-14,22,6,5,26
2016-11-15,35,6,6,19
2016-11-16,22,8,8,21
2016-11-17,39,7,6,28
2016-11-18,29,4,5,17
2016-11-19,40,11,11,24
2016-11-20,35,11,7,25
2016-11-21,25,5,2,22
2016-11-22,41,8,6,23
2016-11-23,25,6,4,20
2016-11-24,38,8,7,28
2016-11-25,20,4,2,14
2016-11-26,53,11,9,30
2016-11-27,26,8,7,25
2016-11-28,32,4,3,16
2016-11-29,23,6,5,22
2016-11-30,26,5,5,19
2016-12-01,44,7,7,25
2016-12-02,33,9,9,26
2016-12-03,27,6,7,26
2016-12-04,41,5,6,23
2016-12-05,25,3,2,18
2016-12-06,34,13,10,33
2016-12-07,21,4,4,16
2016-12-08,33,9,6,28
2016-12-09,28,6,5,22
2016-12-10,38,4,6,21
2016-12-11,31,9,9,26
2016-12-12,23,4,4,20
2016-12-13,26,4,4,21
2016-12-14,23,7,7,25
2016-12-15,30,4,5,23
2016-12-16,22,7,4,18
2016-12-17,43,5,6,20
2016-12-18,31,6,10,28
2016-12-19,29,3,2,14
2016-12-20,25,5,3,15
2016-12-21,22,7,8,34
2016-12-22,35,5,4,21
2016-12-23,19,4,6,21
2016-12-24,46,6,9,29
2016-12-25,29,23,29,44
2016-12-26,20,10,5,26
2016-12-27,37,6,5,20
2016-12-28,57,5,3,16
2016-12-29,31,8,6,23
2016-12-30,54,5,6,24
2016-12-31,58,5,9,21
2017-01-01,20,6,4,18
2017-01-02,19,3,3,15
2017-01-03,23,5,6,22
2017-01-04,33,4,3,15
2017-01-05,29,7,6,20
2017-01-06,37,6,5,26
2017-01-07,27,6,5,26
2017-01-08,30,7,7,23
2017-01-09,21,6,6,25
2017-01-10,28,4,3,16
2017-01-11,18,7,6,28
2017-01-12,22,7,5,24
2017-01-13,37,5,4,17
2017-01-14,22,6,7,22
2017-01-15,37,5,6,22
2017-01-16,21,6,9,26
2017-01-17,24,14,16,36
2017-01-18,39,4,4,21
2017-01-19,25,7,7,33
2017-01-20,32,5,4,22
2017-01-21,30,8,10,31
2017-01-22,34,8,11,35
2017-01-23,38,4,2,13
2017-01-24,21,6,6,26
2017-01-25,24,5,4,21
2017-01-26,38,4,6,29
2017-01-27,46,4,2,21
2017-01-28,23,5,3,23
2017-01-29,27,11,11,36
2017-01-30,47,6,4,23
2017-01-31,81,5,4,23
2017-02-01,37,4,3,24
2017-02-02,47,6,5,28
2017-02-03,28,6,4,25
2017-02-04,73,6,5,22
2017-02-05,34,10,9,39
2017-02-06,25,3,2,12
2017-02-07,47,8,7,29
2017-02-08,43,3,1,17
2017-02-09,30,8,7,30
2017-02-10,48,6,4,25
2017-02-11,33,7,8,33
2017-02-12,45,13,9,45
2017-02-13,28,5,2,18
2017-02-14,44,5,5,30
2017-02-15,25,5,3,20
2017-02-16,30,7,5,31
2017-02-17,22,6,4,18
2017-02-18,23,16,15,28
2017-02-19,20,33,38,48
2017-02-20,25,33,54,59
2017-02-21,27,4,2,19
2017-02-22,31,2,1,22
2017-02-23,64,4,2,33
2017-02-24,52,8,5,41
2017-02-25,49,7,6,33
2017-02-26,57,6,8,42
2017-02-27,38,3,4,29
2017-02-28,52,6,5,33
2017-03-01,32,5,6,32
2017-03-02,36,8,6,32
2017-03-03,28,7,4,27
2017-03-04,47,6,7,35
2017-03-05,41,9,10,42
2017-03-06,71,3,3,21
2017-03-07,42,5,5,36
2017-03-08,85,5,3,23
2017-03-09,35,6,4,35
2017-03-10,35,4,4,23
2017-03-11,58,5,8,38
2017-03-12,43,7,7,43
2017-03-13,28,5,5,27
2017-03-14,29,5,5,25
2017-03-15,28,8,4,31
2017-03-16,35,6,5,31
2017-03-17,25,5,4,27
2017-03-18,34,5,4,27
2017-03-19,30,6,7,37
2017-03-20,22,5,4,24
2017-03-21,28,7,5,37
2017-03-22,53,4,4,31
2017-03-23,25,4,3,26
2017-03-24,39,3,3,20
2017-03-25,33,9,5,37
2017-03-26,38,8,9,36
2017-03-27,25,5,4,25
2017-03-28,38,7,5,30
2017-03-29,22,7,6,40
2017-03-30,27,8,8,36
2017-03-31,20,5,4,30
2017-04-01,27,8,8,47
2017-04-02,32,8,7,40
2017-04-03,22,4,3,23
2017-04-04,20,5,3,20
2017-04-05,31,7,5,33
2017-04-06,26,8,7,40
2017-04-07,21,4,2,20
2017-04-08,38,8,6,33
2017-04-09,32,10,10,50
2017-04-10,31,4,3,22
2017-04-11,60,5,5,40
2017-04-12,100,4,2,24
