Game_id,Person_id,Player_Plus/Minus
021fd159b55773fba8157e2090fe0fe2,93,
021fd159b55773fba8157e2090fe0fe2,-45,
021fd159b55773fba8157e2090fe0fe2,-40,
021fd159b55773fba8157e2090fe0fe2,45,
021fd159b55773fba8157e2090fe0fe2,-38,
021fd159b55773fba8157e2090fe0fe2,109,
021fd159b55773fba8157e2090fe0fe2,-47,
021fd159b55773fba8157e2090fe0fe2,103,
021fd159b55773fba8157e2090fe0fe2,42,
021fd159b55773fba8157e2090fe0fe2,-49,
021fd159b55773fba8157e2090fe0fe2,-27,
021fd159b55773fba8157e2090fe0fe2,-44,
021fd159b55773fba8157e2090fe0fe2,12,
021fd159b55773fba8157e2090fe0fe2,39,
021fd159b55773fba8157e2090fe0fe2,-53,
021fd159b55773fba8157e2090fe0fe2,-38,
021fd159b55773fba8157e2090fe0fe2,109,
021fd159b55773fba8157e2090fe0fe2,103,
021fd159b55773fba8157e2090fe0fe2,86,
021fd159b55773fba8157e2090fe0fe2,-51,
021fd159b55773fba8157e2090fe0fe2,93,
021fd159b55773fba8157e2090fe0fe2,-45,
021fd159b55773fba8157e2090fe0fe2,-40,
021fd159b55773fba8157e2090fe0fe2,45,
021fd159b55773fba8157e2090fe0fe2,-38,
021fd159b55773fba8157e2090fe0fe2,109,
021fd159b55773fba8157e2090fe0fe2,-47,
021fd159b55773fba8157e2090fe0fe2,103,
021fd159b55773fba8157e2090fe0fe2,42,
021fd159b55773fba8157e2090fe0fe2,-49,
021fd159b55773fba8157e2090fe0fe2,93,
021fd159b55773fba8157e2090fe0fe2,-27,
021fd159b55773fba8157e2090fe0fe2,-44,
021fd159b55773fba8157e2090fe0fe2,-53,
021fd159b55773fba8157e2090fe0fe2,-38,
021fd159b55773fba8157e2090fe0fe2,109,
021fd159b55773fba8157e2090fe0fe2,103,
021fd159b55773fba8157e2090fe0fe2,86,
021fd159b55773fba8157e2090fe0fe2,-51,
021fd159b55773fba8157e2090fe0fe2,52,
03a31e84b194d6c8a2eab5d70ba67acf,-35,
03a31e84b194d6c8a2eab5d70ba67acf,37,
03a31e84b194d6c8a2eab5d70ba67acf,-46,
03a31e84b194d6c8a2eab5d70ba67acf,-42,
03a31e84b194d6c8a2eab5d70ba67acf,51,
03a31e84b194d6c8a2eab5d70ba67acf,40,
03a31e84b194d6c8a2eab5d70ba67acf,61,
03a31e84b194d6c8a2eab5d70ba67acf,-15,
03a31e84b194d6c8a2eab5d70ba67acf,-62,
03a31e84b194d6c8a2eab5d70ba67acf,40,
03a31e84b194d6c8a2eab5d70ba67acf,-45,
03a31e84b194d6c8a2eab5d70ba67acf,-48,
03a31e84b194d6c8a2eab5d70ba67acf,41,
03a31e84b194d6c8a2eab5d70ba67acf,48,
03a31e84b194d6c8a2eab5d70ba67acf,-46,
03a31e84b194d6c8a2eab5d70ba67acf,45,
03a31e84b194d6c8a2eab5d70ba67acf,-66,
03a31e84b194d6c8a2eab5d70ba67acf,61,
03a31e84b194d6c8a2eab5d70ba67acf,-62,
03a31e84b194d6c8a2eab5d70ba67acf,43,
03a31e84b194d6c8a2eab5d70ba67acf,-35,
03a31e84b194d6c8a2eab5d70ba67acf,37,
03a31e84b194d6c8a2eab5d70ba67acf,-46,
03a31e84b194d6c8a2eab5d70ba67acf,-42,
03a31e84b194d6c8a2eab5d70ba67acf,51,
03a31e84b194d6c8a2eab5d70ba67acf,40,
03a31e84b194d6c8a2eab5d70ba67acf,61,
03a31e84b194d6c8a2eab5d70ba67acf,-15,
03a31e84b194d6c8a2eab5d70ba67acf,-62,
03a31e84b194d6c8a2eab5d70ba67acf,40,
03a31e84b194d6c8a2eab5d70ba67acf,-45,
03a31e84b194d6c8a2eab5d70ba67acf,-48,
03a31e84b194d6c8a2eab5d70ba67acf,41,
03a31e84b194d6c8a2eab5d70ba67acf,48,
03a31e84b194d6c8a2eab5d70ba67acf,45,
03a31e84b194d6c8a2eab5d70ba67acf,-66,
03a31e84b194d6c8a2eab5d70ba67acf,61,
03a31e84b194d6c8a2eab5d70ba67acf,-62,
03a31e84b194d6c8a2eab5d70ba67acf,-36,
03a31e84b194d6c8a2eab5d70ba67acf,43,
06bb1d31c63891e2580ff12e4e6505b4,19,
06bb1d31c63891e2580ff12e4e6505b4,16,
06bb1d31c63891e2580ff12e4e6505b4,15,
06bb1d31c63891e2580ff12e4e6505b4,-32,
06bb1d31c63891e2580ff12e4e6505b4,-24,
06bb1d31c63891e2580ff12e4e6505b4,-42,
06bb1d31c63891e2580ff12e4e6505b4,-21,
06bb1d31c63891e2580ff12e4e6505b4,-19,
06bb1d31c63891e2580ff12e4e6505b4,39,
06bb1d31c63891e2580ff12e4e6505b4,17,
06bb1d31c63891e2580ff12e4e6505b4,19,
06bb1d31c63891e2580ff12e4e6505b4,21,
06bb1d31c63891e2580ff12e4e6505b4,51,
06bb1d31c63891e2580ff12e4e6505b4,21,
06bb1d31c63891e2580ff12e4e6505b4,16,
06bb1d31c63891e2580ff12e4e6505b4,-27,
06bb1d31c63891e2580ff12e4e6505b4,-35,
06bb1d31c63891e2580ff12e4e6505b4,-42,
06bb1d31c63891e2580ff12e4e6505b4,-20,
06bb1d31c63891e2580ff12e4e6505b4,-16,
06bb1d31c63891e2580ff12e4e6505b4,19,
06bb1d31c63891e2580ff12e4e6505b4,16,
06bb1d31c63891e2580ff12e4e6505b4,15,
06bb1d31c63891e2580ff12e4e6505b4,-32,
06bb1d31c63891e2580ff12e4e6505b4,-24,
06bb1d31c63891e2580ff12e4e6505b4,-42,
06bb1d31c63891e2580ff12e4e6505b4,-21,
06bb1d31c63891e2580ff12e4e6505b4,-19,
06bb1d31c63891e2580ff12e4e6505b4,39,
06bb1d31c63891e2580ff12e4e6505b4,17,
06bb1d31c63891e2580ff12e4e6505b4,19,
06bb1d31c63891e2580ff12e4e6505b4,21,
06bb1d31c63891e2580ff12e4e6505b4,51,
06bb1d31c63891e2580ff12e4e6505b4,21,
06bb1d31c63891e2580ff12e4e6505b4,16,
06bb1d31c63891e2580ff12e4e6505b4,-27,
06bb1d31c63891e2580ff12e4e6505b4,-32,
06bb1d31c63891e2580ff12e4e6505b4,-35,
06bb1d31c63891e2580ff12e4e6505b4,-20,
06bb1d31c63891e2580ff12e4e6505b4,-16,
07e76f7482773e81e2351d1692e9e5bb,24,
07e76f7482773e81e2351d1692e9e5bb,-24,
07e76f7482773e81e2351d1692e9e5bb,45,
07e76f7482773e81e2351d1692e9e5bb,26,
07e76f7482773e81e2351d1692e9e5bb,25,
07e76f7482773e81e2351d1692e9e5bb,47,
07e76f7482773e81e2351d1692e9e5bb,-70,
07e76f7482773e81e2351d1692e9e5bb,-28,
07e76f7482773e81e2351d1692e9e5bb,-29,
07e76f7482773e81e2351d1692e9e5bb,-21,
07e76f7482773e81e2351d1692e9e5bb,22,
07e76f7482773e81e2351d1692e9e5bb,41,
07e76f7482773e81e2351d1692e9e5bb,12,
07e76f7482773e81e2351d1692e9e5bb,-36,
07e76f7482773e81e2351d1692e9e5bb,-23,
07e76f7482773e81e2351d1692e9e5bb,13,
07e76f7482773e81e2351d1692e9e5bb,-65,
07e76f7482773e81e2351d1692e9e5bb,-17,
07e76f7482773e81e2351d1692e9e5bb,54,
07e76f7482773e81e2351d1692e9e5bb,-21,
07e76f7482773e81e2351d1692e9e5bb,24,
07e76f7482773e81e2351d1692e9e5bb,-24,
07e76f7482773e81e2351d1692e9e5bb,45,
07e76f7482773e81e2351d1692e9e5bb,26,
07e76f7482773e81e2351d1692e9e5bb,25,
07e76f7482773e81e2351d1692e9e5bb,47,
07e76f7482773e81e2351d1692e9e5bb,-70,
07e76f7482773e81e2351d1692e9e5bb,-28,
07e76f7482773e81e2351d1692e9e5bb,-29,
07e76f7482773e81e2351d1692e9e5bb,-21,
07e76f7482773e81e2351d1692e9e5bb,22,
07e76f7482773e81e2351d1692e9e5bb,41,
07e76f7482773e81e2351d1692e9e5bb,12,
07e76f7482773e81e2351d1692e9e5bb,26,
07e76f7482773e81e2351d1692e9e5bb,-23,
07e76f7482773e81e2351d1692e9e5bb,-29,
07e76f7482773e81e2351d1692e9e5bb,-65,
07e76f7482773e81e2351d1692e9e5bb,-17,
07e76f7482773e81e2351d1692e9e5bb,-34,
07e76f7482773e81e2351d1692e9e5bb,54,
0868dee930f69a54541d4ae88b841a37,-24,
0868dee930f69a54541d4ae88b841a37,16,
0868dee930f69a54541d4ae88b841a37,-19,
0868dee930f69a54541d4ae88b841a37,-28,
0868dee930f69a54541d4ae88b841a37,-25,
0868dee930f69a54541d4ae88b841a37,28,
0868dee930f69a54541d4ae88b841a37,43,
0868dee930f69a54541d4ae88b841a37,16,
0868dee930f69a54541d4ae88b841a37,26,
0868dee930f69a54541d4ae88b841a37,-36,
0868dee930f69a54541d4ae88b841a37,35,
0868dee930f69a54541d4ae88b841a37,29,
0868dee930f69a54541d4ae88b841a37,7,
0868dee930f69a54541d4ae88b841a37,28,
0868dee930f69a54541d4ae88b841a37,-20,
0868dee930f69a54541d4ae88b841a37,-8,
0868dee930f69a54541d4ae88b841a37,-28,
0868dee930f69a54541d4ae88b841a37,26,
0868dee930f69a54541d4ae88b841a37,-7,
0868dee930f69a54541d4ae88b841a37,-25,
0868dee930f69a54541d4ae88b841a37,-24,
0868dee930f69a54541d4ae88b841a37,16,
0868dee930f69a54541d4ae88b841a37,-19,
0868dee930f69a54541d4ae88b841a37,-28,
0868dee930f69a54541d4ae88b841a37,-25,
0868dee930f69a54541d4ae88b841a37,28,
0868dee930f69a54541d4ae88b841a37,43,
0868dee930f69a54541d4ae88b841a37,16,
0868dee930f69a54541d4ae88b841a37,26,
0868dee930f69a54541d4ae88b841a37,-36,
0868dee930f69a54541d4ae88b841a37,35,
0868dee930f69a54541d4ae88b841a37,29,
0868dee930f69a54541d4ae88b841a37,7,
0868dee930f69a54541d4ae88b841a37,28,
0868dee930f69a54541d4ae88b841a37,-20,
0868dee930f69a54541d4ae88b841a37,-8,
0868dee930f69a54541d4ae88b841a37,-28,
0868dee930f69a54541d4ae88b841a37,-36,
0868dee930f69a54541d4ae88b841a37,26,
0868dee930f69a54541d4ae88b841a37,-25,
0868dee930f69a54541d4ae88b841a37,-24,
0868dee930f69a54541d4ae88b841a37,35,
0868dee930f69a54541d4ae88b841a37,-28,
0868dee930f69a54541d4ae88b841a37,-25,
0868dee930f69a54541d4ae88b841a37,28,
0868dee930f69a54541d4ae88b841a37,43,
0868dee930f69a54541d4ae88b841a37,16,
0868dee930f69a54541d4ae88b841a37,-36,
0868dee930f69a54541d4ae88b841a37,26,
0868dee930f69a54541d4ae88b841a37,-25,
09d46e3d7a8253b7209100650b5afaeb,-4,
09d46e3d7a8253b7209100650b5afaeb,-17,
09d46e3d7a8253b7209100650b5afaeb,11,
09d46e3d7a8253b7209100650b5afaeb,-22,
09d46e3d7a8253b7209100650b5afaeb,-14,
09d46e3d7a8253b7209100650b5afaeb,19,
09d46e3d7a8253b7209100650b5afaeb,-34,
09d46e3d7a8253b7209100650b5afaeb,11,
09d46e3d7a8253b7209100650b5afaeb,10,
09d46e3d7a8253b7209100650b5afaeb,-12,
09d46e3d7a8253b7209100650b5afaeb,-1,
09d46e3d7a8253b7209100650b5afaeb,5,
09d46e3d7a8253b7209100650b5afaeb,20,
09d46e3d7a8253b7209100650b5afaeb,-34,
09d46e3d7a8253b7209100650b5afaeb,-16,
09d46e3d7a8253b7209100650b5afaeb,-23,
09d46e3d7a8253b7209100650b5afaeb,18,
09d46e3d7a8253b7209100650b5afaeb,-14,
09d46e3d7a8253b7209100650b5afaeb,28,
09d46e3d7a8253b7209100650b5afaeb,-24,
09d46e3d7a8253b7209100650b5afaeb,-4,
09d46e3d7a8253b7209100650b5afaeb,-17,
09d46e3d7a8253b7209100650b5afaeb,11,
09d46e3d7a8253b7209100650b5afaeb,-22,
09d46e3d7a8253b7209100650b5afaeb,-14,
09d46e3d7a8253b7209100650b5afaeb,19,
09d46e3d7a8253b7209100650b5afaeb,-34,
09d46e3d7a8253b7209100650b5afaeb,11,
09d46e3d7a8253b7209100650b5afaeb,10,
09d46e3d7a8253b7209100650b5afaeb,-12,
09d46e3d7a8253b7209100650b5afaeb,-1,
09d46e3d7a8253b7209100650b5afaeb,5,
09d46e3d7a8253b7209100650b5afaeb,20,
09d46e3d7a8253b7209100650b5afaeb,11,
09d46e3d7a8253b7209100650b5afaeb,10,
09d46e3d7a8253b7209100650b5afaeb,-16,
09d46e3d7a8253b7209100650b5afaeb,-23,
09d46e3d7a8253b7209100650b5afaeb,-12,
09d46e3d7a8253b7209100650b5afaeb,-14,
09d46e3d7a8253b7209100650b5afaeb,-24,
13ced855d491384876c6ab807bd1d3db,14,
13ced855d491384876c6ab807bd1d3db,-28,
13ced855d491384876c6ab807bd1d3db,20,
13ced855d491384876c6ab807bd1d3db,20,
13ced855d491384876c6ab807bd1d3db,-22,
13ced855d491384876c6ab807bd1d3db,-20,
13ced855d491384876c6ab807bd1d3db,-17,
13ced855d491384876c6ab807bd1d3db,24,
13ced855d491384876c6ab807bd1d3db,27,
13ced855d491384876c6ab807bd1d3db,-13,
13ced855d491384876c6ab807bd1d3db,14,
13ced855d491384876c6ab807bd1d3db,-28,
13ced855d491384876c6ab807bd1d3db,31,
13ced855d491384876c6ab807bd1d3db,-15,
13ced855d491384876c6ab807bd1d3db,-17,
13ced855d491384876c6ab807bd1d3db,22,
13ced855d491384876c6ab807bd1d3db,-25,
13ced855d491384876c6ab807bd1d3db,-30,
13ced855d491384876c6ab807bd1d3db,20,
13ced855d491384876c6ab807bd1d3db,17,
13ced855d491384876c6ab807bd1d3db,14,
13ced855d491384876c6ab807bd1d3db,-28,
13ced855d491384876c6ab807bd1d3db,20,
13ced855d491384876c6ab807bd1d3db,20,
13ced855d491384876c6ab807bd1d3db,-22,
13ced855d491384876c6ab807bd1d3db,-20,
13ced855d491384876c6ab807bd1d3db,-17,
13ced855d491384876c6ab807bd1d3db,24,
13ced855d491384876c6ab807bd1d3db,27,
13ced855d491384876c6ab807bd1d3db,-13,
13ced855d491384876c6ab807bd1d3db,14,
13ced855d491384876c6ab807bd1d3db,-3,
13ced855d491384876c6ab807bd1d3db,-28,
13ced855d491384876c6ab807bd1d3db,31,
13ced855d491384876c6ab807bd1d3db,-15,
13ced855d491384876c6ab807bd1d3db,-17,
13ced855d491384876c6ab807bd1d3db,24,
13ced855d491384876c6ab807bd1d3db,22,
13ced855d491384876c6ab807bd1d3db,-25,
13ced855d491384876c6ab807bd1d3db,20,
15d76177caa6022156e83774c2e054d3,28,
15d76177caa6022156e83774c2e054d3,32,
15d76177caa6022156e83774c2e054d3,-36,
15d76177caa6022156e83774c2e054d3,-25,
15d76177caa6022156e83774c2e054d3,22,
15d76177caa6022156e83774c2e054d3,33,
15d76177caa6022156e83774c2e054d3,24,
15d76177caa6022156e83774c2e054d3,-25,
15d76177caa6022156e83774c2e054d3,-25,
15d76177caa6022156e83774c2e054d3,-20,
15d76177caa6022156e83774c2e054d3,18,
15d76177caa6022156e83774c2e054d3,19,
15d76177caa6022156e83774c2e054d3,32,
15d76177caa6022156e83774c2e054d3,-21,
15d76177caa6022156e83774c2e054d3,32,
15d76177caa6022156e83774c2e054d3,-36,
15d76177caa6022156e83774c2e054d3,-24,
15d76177caa6022156e83774c2e054d3,25,
15d76177caa6022156e83774c2e054d3,-28,
15d76177caa6022156e83774c2e054d3,-28,
15d76177caa6022156e83774c2e054d3,28,
15d76177caa6022156e83774c2e054d3,32,
15d76177caa6022156e83774c2e054d3,-36,
15d76177caa6022156e83774c2e054d3,-25,
15d76177caa6022156e83774c2e054d3,22,
15d76177caa6022156e83774c2e054d3,33,
15d76177caa6022156e83774c2e054d3,24,
15d76177caa6022156e83774c2e054d3,-25,
15d76177caa6022156e83774c2e054d3,-25,
15d76177caa6022156e83774c2e054d3,-20,
15d76177caa6022156e83774c2e054d3,18,
15d76177caa6022156e83774c2e054d3,19,
15d76177caa6022156e83774c2e054d3,32,
15d76177caa6022156e83774c2e054d3,-21,
15d76177caa6022156e83774c2e054d3,32,
15d76177caa6022156e83774c2e054d3,-36,
15d76177caa6022156e83774c2e054d3,33,
15d76177caa6022156e83774c2e054d3,-24,
15d76177caa6022156e83774c2e054d3,-28,
15d76177caa6022156e83774c2e054d3,-28,
1eab6189ad9ab246c197575a8c4eebe5,53,
1eab6189ad9ab246c197575a8c4eebe5,58,
1eab6189ad9ab246c197575a8c4eebe5,58,
1eab6189ad9ab246c197575a8c4eebe5,65,
1eab6189ad9ab246c197575a8c4eebe5,-100,
1eab6189ad9ab246c197575a8c4eebe5,-72,
1eab6189ad9ab246c197575a8c4eebe5,-67,
1eab6189ad9ab246c197575a8c4eebe5,65,
1eab6189ad9ab246c197575a8c4eebe5,-60,
1eab6189ad9ab246c197575a8c4eebe5,-102,
1eab6189ad9ab246c197575a8c4eebe5,-52,
1eab6189ad9ab246c197575a8c4eebe5,73,
1eab6189ad9ab246c197575a8c4eebe5,68,
1eab6189ad9ab246c197575a8c4eebe5,-79,
1eab6189ad9ab246c197575a8c4eebe5,65,
1eab6189ad9ab246c197575a8c4eebe5,64,
1eab6189ad9ab246c197575a8c4eebe5,-100,
1eab6189ad9ab246c197575a8c4eebe5,-53,
1eab6189ad9ab246c197575a8c4eebe5,30,
1eab6189ad9ab246c197575a8c4eebe5,-90,
1eab6189ad9ab246c197575a8c4eebe5,53,
1eab6189ad9ab246c197575a8c4eebe5,58,
1eab6189ad9ab246c197575a8c4eebe5,58,
1eab6189ad9ab246c197575a8c4eebe5,65,
1eab6189ad9ab246c197575a8c4eebe5,-100,
1eab6189ad9ab246c197575a8c4eebe5,-72,
1eab6189ad9ab246c197575a8c4eebe5,-67,
1eab6189ad9ab246c197575a8c4eebe5,65,
1eab6189ad9ab246c197575a8c4eebe5,-60,
1eab6189ad9ab246c197575a8c4eebe5,-102,
1eab6189ad9ab246c197575a8c4eebe5,73,
1eab6189ad9ab246c197575a8c4eebe5,68,
1eab6189ad9ab246c197575a8c4eebe5,-79,
1eab6189ad9ab246c197575a8c4eebe5,-104,
1eab6189ad9ab246c197575a8c4eebe5,64,
1eab6189ad9ab246c197575a8c4eebe5,-100,
1eab6189ad9ab246c197575a8c4eebe5,-102,
1eab6189ad9ab246c197575a8c4eebe5,30,
1eab6189ad9ab246c197575a8c4eebe5,76,
1eab6189ad9ab246c197575a8c4eebe5,-90,
1f9e3cb05c031986cf8bc7c0a84cc517,-164,
1f9e3cb05c031986cf8bc7c0a84cc517,118,
1f9e3cb05c031986cf8bc7c0a84cc517,88,
1f9e3cb05c031986cf8bc7c0a84cc517,-81,
1f9e3cb05c031986cf8bc7c0a84cc517,-41,
1f9e3cb05c031986cf8bc7c0a84cc517,97,
1f9e3cb05c031986cf8bc7c0a84cc517,-94,
1f9e3cb05c031986cf8bc7c0a84cc517,97,
1f9e3cb05c031986cf8bc7c0a84cc517,113,
1f9e3cb05c031986cf8bc7c0a84cc517,-117,
1f9e3cb05c031986cf8bc7c0a84cc517,-164,
1f9e3cb05c031986cf8bc7c0a84cc517,48,
1f9e3cb05c031986cf8bc7c0a84cc517,123,
1f9e3cb05c031986cf8bc7c0a84cc517,108,
1f9e3cb05c031986cf8bc7c0a84cc517,118,
1f9e3cb05c031986cf8bc7c0a84cc517,51,
1f9e3cb05c031986cf8bc7c0a84cc517,-117,
1f9e3cb05c031986cf8bc7c0a84cc517,-122,
1f9e3cb05c031986cf8bc7c0a84cc517,-100,
1f9e3cb05c031986cf8bc7c0a84cc517,-108,
1f9e3cb05c031986cf8bc7c0a84cc517,-164,
1f9e3cb05c031986cf8bc7c0a84cc517,118,
1f9e3cb05c031986cf8bc7c0a84cc517,88,
1f9e3cb05c031986cf8bc7c0a84cc517,-81,
1f9e3cb05c031986cf8bc7c0a84cc517,97,
1f9e3cb05c031986cf8bc7c0a84cc517,-94,
1f9e3cb05c031986cf8bc7c0a84cc517,97,
1f9e3cb05c031986cf8bc7c0a84cc517,113,
1f9e3cb05c031986cf8bc7c0a84cc517,-117,
1f9e3cb05c031986cf8bc7c0a84cc517,-122,
1f9e3cb05c031986cf8bc7c0a84cc517,123,
1f9e3cb05c031986cf8bc7c0a84cc517,108,
1f9e3cb05c031986cf8bc7c0a84cc517,78,
1f9e3cb05c031986cf8bc7c0a84cc517,78,
1f9e3cb05c031986cf8bc7c0a84cc517,-36,
1f9e3cb05c031986cf8bc7c0a84cc517,-100,
1f9e3cb05c031986cf8bc7c0a84cc517,-108,
1f9e3cb05c031986cf8bc7c0a84cc517,78,
1f9e3cb05c031986cf8bc7c0a84cc517,-134,
1f9e3cb05c031986cf8bc7c0a84cc517,-71,
2bf4ac0ed9ac1aee8767134d62b34dfe,51,
2bf4ac0ed9ac1aee8767134d62b34dfe,46,
2bf4ac0ed9ac1aee8767134d62b34dfe,-38,
2bf4ac0ed9ac1aee8767134d62b34dfe,73,
2bf4ac0ed9ac1aee8767134d62b34dfe,55,
2bf4ac0ed9ac1aee8767134d62b34dfe,-52,
2bf4ac0ed9ac1aee8767134d62b34dfe,49,
2bf4ac0ed9ac1aee8767134d62b34dfe,-38,
2bf4ac0ed9ac1aee8767134d62b34dfe,-76,
2bf4ac0ed9ac1aee8767134d62b34dfe,-66,
2bf4ac0ed9ac1aee8767134d62b34dfe,62,
2bf4ac0ed9ac1aee8767134d62b34dfe,93,
2bf4ac0ed9ac1aee8767134d62b34dfe,-91,
2bf4ac0ed9ac1aee8767134d62b34dfe,73,
2bf4ac0ed9ac1aee8767134d62b34dfe,64,
2bf4ac0ed9ac1aee8767134d62b34dfe,105,
2bf4ac0ed9ac1aee8767134d62b34dfe,-76,
2bf4ac0ed9ac1aee8767134d62b34dfe,-74,
2bf4ac0ed9ac1aee8767134d62b34dfe,-79,
2bf4ac0ed9ac1aee8767134d62b34dfe,-66,
2bf4ac0ed9ac1aee8767134d62b34dfe,51,
2bf4ac0ed9ac1aee8767134d62b34dfe,46,
2bf4ac0ed9ac1aee8767134d62b34dfe,-38,
2bf4ac0ed9ac1aee8767134d62b34dfe,73,
2bf4ac0ed9ac1aee8767134d62b34dfe,55,
2bf4ac0ed9ac1aee8767134d62b34dfe,-52,
2bf4ac0ed9ac1aee8767134d62b34dfe,49,
2bf4ac0ed9ac1aee8767134d62b34dfe,-38,
2bf4ac0ed9ac1aee8767134d62b34dfe,-76,
2bf4ac0ed9ac1aee8767134d62b34dfe,-66,
2bf4ac0ed9ac1aee8767134d62b34dfe,62,
2bf4ac0ed9ac1aee8767134d62b34dfe,93,
2bf4ac0ed9ac1aee8767134d62b34dfe,-91,
2bf4ac0ed9ac1aee8767134d62b34dfe,64,
2bf4ac0ed9ac1aee8767134d62b34dfe,105,
2bf4ac0ed9ac1aee8767134d62b34dfe,-74,
2bf4ac0ed9ac1aee8767134d62b34dfe,73,
2bf4ac0ed9ac1aee8767134d62b34dfe,-34,
2bf4ac0ed9ac1aee8767134d62b34dfe,-35,
2bf4ac0ed9ac1aee8767134d62b34dfe,-79,
2faabfa663f4dfb9ed83a1482088e092,16,
2faabfa663f4dfb9ed83a1482088e092,6,
2faabfa663f4dfb9ed83a1482088e092,-3,
2faabfa663f4dfb9ed83a1482088e092,7,
2faabfa663f4dfb9ed83a1482088e092,3,
2faabfa663f4dfb9ed83a1482088e092,-11,
2faabfa663f4dfb9ed83a1482088e092,-20,
2faabfa663f4dfb9ed83a1482088e092,-17,
2faabfa663f4dfb9ed83a1482088e092,-20,
2faabfa663f4dfb9ed83a1482088e092,11,
2faabfa663f4dfb9ed83a1482088e092,-20,
2faabfa663f4dfb9ed83a1482088e092,16,
2faabfa663f4dfb9ed83a1482088e092,-23,
2faabfa663f4dfb9ed83a1482088e092,14,
2faabfa663f4dfb9ed83a1482088e092,15,
2faabfa663f4dfb9ed83a1482088e092,18,
2faabfa663f4dfb9ed83a1482088e092,15,
2faabfa663f4dfb9ed83a1482088e092,-20,
2faabfa663f4dfb9ed83a1482088e092,-13,
2faabfa663f4dfb9ed83a1482088e092,-8,
2faabfa663f4dfb9ed83a1482088e092,16,
2faabfa663f4dfb9ed83a1482088e092,6,
2faabfa663f4dfb9ed83a1482088e092,-3,
2faabfa663f4dfb9ed83a1482088e092,7,
2faabfa663f4dfb9ed83a1482088e092,3,
2faabfa663f4dfb9ed83a1482088e092,-11,
2faabfa663f4dfb9ed83a1482088e092,-20,
2faabfa663f4dfb9ed83a1482088e092,-17,
2faabfa663f4dfb9ed83a1482088e092,-20,
2faabfa663f4dfb9ed83a1482088e092,11,
2faabfa663f4dfb9ed83a1482088e092,-20,
2faabfa663f4dfb9ed83a1482088e092,16,
2faabfa663f4dfb9ed83a1482088e092,-23,
2faabfa663f4dfb9ed83a1482088e092,15,
2faabfa663f4dfb9ed83a1482088e092,18,
2faabfa663f4dfb9ed83a1482088e092,3,
2faabfa663f4dfb9ed83a1482088e092,15,
2faabfa663f4dfb9ed83a1482088e092,-20,
2faabfa663f4dfb9ed83a1482088e092,-13,
2faabfa663f4dfb9ed83a1482088e092,-8,
3152e9c330ce200cc189ae64ebdf41fc,-3,
3152e9c330ce200cc189ae64ebdf41fc,0,
3152e9c330ce200cc189ae64ebdf41fc,-8,
3152e9c330ce200cc189ae64ebdf41fc,10,
3152e9c330ce200cc189ae64ebdf41fc,1,
3152e9c330ce200cc189ae64ebdf41fc,10,
3152e9c330ce200cc189ae64ebdf41fc,5,
3152e9c330ce200cc189ae64ebdf41fc,-5,
3152e9c330ce200cc189ae64ebdf41fc,2,
3152e9c330ce200cc189ae64ebdf41fc,8,
3152e9c330ce200cc189ae64ebdf41fc,-3,
3152e9c330ce200cc189ae64ebdf41fc,-2,
3152e9c330ce200cc189ae64ebdf41fc,3,
3152e9c330ce200cc189ae64ebdf41fc,-2,
3152e9c330ce200cc189ae64ebdf41fc,1,
3152e9c330ce200cc189ae64ebdf41fc,-2,
3152e9c330ce200cc189ae64ebdf41fc,3,
3152e9c330ce200cc189ae64ebdf41fc,-16,
3152e9c330ce200cc189ae64ebdf41fc,3,
3152e9c330ce200cc189ae64ebdf41fc,-14,
3152e9c330ce200cc189ae64ebdf41fc,-3,
3152e9c330ce200cc189ae64ebdf41fc,0,
3152e9c330ce200cc189ae64ebdf41fc,-8,
3152e9c330ce200cc189ae64ebdf41fc,10,
3152e9c330ce200cc189ae64ebdf41fc,1,
3152e9c330ce200cc189ae64ebdf41fc,10,
3152e9c330ce200cc189ae64ebdf41fc,5,
3152e9c330ce200cc189ae64ebdf41fc,-5,
3152e9c330ce200cc189ae64ebdf41fc,2,
3152e9c330ce200cc189ae64ebdf41fc,8,
3152e9c330ce200cc189ae64ebdf41fc,-3,
3152e9c330ce200cc189ae64ebdf41fc,-3,
3152e9c330ce200cc189ae64ebdf41fc,-2,
3152e9c330ce200cc189ae64ebdf41fc,3,
3152e9c330ce200cc189ae64ebdf41fc,-2,
3152e9c330ce200cc189ae64ebdf41fc,1,
3152e9c330ce200cc189ae64ebdf41fc,-2,
3152e9c330ce200cc189ae64ebdf41fc,3,
3152e9c330ce200cc189ae64ebdf41fc,-16,
3152e9c330ce200cc189ae64ebdf41fc,-14,
33f631fec90cc1f08bb16cff5ed52f9b,20,
33f631fec90cc1f08bb16cff5ed52f9b,-37,
33f631fec90cc1f08bb16cff5ed52f9b,-44,
33f631fec90cc1f08bb16cff5ed52f9b,24,
33f631fec90cc1f08bb16cff5ed52f9b,-20,
33f631fec90cc1f08bb16cff5ed52f9b,-16,
33f631fec90cc1f08bb16cff5ed52f9b,16,
33f631fec90cc1f08bb16cff5ed52f9b,26,
33f631fec90cc1f08bb16cff5ed52f9b,-20,
33f631fec90cc1f08bb16cff5ed52f9b,22,
33f631fec90cc1f08bb16cff5ed52f9b,8,
33f631fec90cc1f08bb16cff5ed52f9b,-38,
33f631fec90cc1f08bb16cff5ed52f9b,34,
33f631fec90cc1f08bb16cff5ed52f9b,-31,
33f631fec90cc1f08bb16cff5ed52f9b,-44,
33f631fec90cc1f08bb16cff5ed52f9b,-28,
33f631fec90cc1f08bb16cff5ed52f9b,23,
33f631fec90cc1f08bb16cff5ed52f9b,-20,
33f631fec90cc1f08bb16cff5ed52f9b,26,
33f631fec90cc1f08bb16cff5ed52f9b,23,
33f631fec90cc1f08bb16cff5ed52f9b,20,
33f631fec90cc1f08bb16cff5ed52f9b,-37,
33f631fec90cc1f08bb16cff5ed52f9b,-44,
33f631fec90cc1f08bb16cff5ed52f9b,24,
33f631fec90cc1f08bb16cff5ed52f9b,-20,
33f631fec90cc1f08bb16cff5ed52f9b,-16,
33f631fec90cc1f08bb16cff5ed52f9b,16,
33f631fec90cc1f08bb16cff5ed52f9b,26,
33f631fec90cc1f08bb16cff5ed52f9b,-20,
33f631fec90cc1f08bb16cff5ed52f9b,22,
33f631fec90cc1f08bb16cff5ed52f9b,8,
33f631fec90cc1f08bb16cff5ed52f9b,-38,
33f631fec90cc1f08bb16cff5ed52f9b,34,
33f631fec90cc1f08bb16cff5ed52f9b,-37,
33f631fec90cc1f08bb16cff5ed52f9b,-31,
33f631fec90cc1f08bb16cff5ed52f9b,-44,
33f631fec90cc1f08bb16cff5ed52f9b,-28,
33f631fec90cc1f08bb16cff5ed52f9b,23,
33f631fec90cc1f08bb16cff5ed52f9b,26,
33f631fec90cc1f08bb16cff5ed52f9b,23,
345f285f7c654bf7a03e940a9bc923c3,-28,
345f285f7c654bf7a03e940a9bc923c3,27,
345f285f7c654bf7a03e940a9bc923c3,-30,
345f285f7c654bf7a03e940a9bc923c3,45,
345f285f7c654bf7a03e940a9bc923c3,-24,
345f285f7c654bf7a03e940a9bc923c3,25,
345f285f7c654bf7a03e940a9bc923c3,-30,
345f285f7c654bf7a03e940a9bc923c3,-22,
345f285f7c654bf7a03e940a9bc923c3,32,
345f285f7c654bf7a03e940a9bc923c3,42,
345f285f7c654bf7a03e940a9bc923c3,-50,
345f285f7c654bf7a03e940a9bc923c3,-37,
345f285f7c654bf7a03e940a9bc923c3,45,
345f285f7c654bf7a03e940a9bc923c3,-30,
345f285f7c654bf7a03e940a9bc923c3,45,
345f285f7c654bf7a03e940a9bc923c3,-46,
345f285f7c654bf7a03e940a9bc923c3,45,
345f285f7c654bf7a03e940a9bc923c3,-35,
345f285f7c654bf7a03e940a9bc923c3,43,
345f285f7c654bf7a03e940a9bc923c3,42,
345f285f7c654bf7a03e940a9bc923c3,-28,
345f285f7c654bf7a03e940a9bc923c3,27,
345f285f7c654bf7a03e940a9bc923c3,-30,
345f285f7c654bf7a03e940a9bc923c3,45,
345f285f7c654bf7a03e940a9bc923c3,-24,
345f285f7c654bf7a03e940a9bc923c3,25,
345f285f7c654bf7a03e940a9bc923c3,-30,
345f285f7c654bf7a03e940a9bc923c3,-22,
345f285f7c654bf7a03e940a9bc923c3,32,
345f285f7c654bf7a03e940a9bc923c3,42,
345f285f7c654bf7a03e940a9bc923c3,-50,
345f285f7c654bf7a03e940a9bc923c3,45,
345f285f7c654bf7a03e940a9bc923c3,-30,
345f285f7c654bf7a03e940a9bc923c3,-46,
345f285f7c654bf7a03e940a9bc923c3,37,
345f285f7c654bf7a03e940a9bc923c3,-9,
345f285f7c654bf7a03e940a9bc923c3,32,
345f285f7c654bf7a03e940a9bc923c3,43,
345f285f7c654bf7a03e940a9bc923c3,-20,
345f285f7c654bf7a03e940a9bc923c3,34,
3b753670a0d0df2c35c7ce2e0bc94e6c,-19,
3b753670a0d0df2c35c7ce2e0bc94e6c,-19,
3b753670a0d0df2c35c7ce2e0bc94e6c,-7,
3b753670a0d0df2c35c7ce2e0bc94e6c,-8,
3b753670a0d0df2c35c7ce2e0bc94e6c,-15,
3b753670a0d0df2c35c7ce2e0bc94e6c,9,
3b753670a0d0df2c35c7ce2e0bc94e6c,16,
3b753670a0d0df2c35c7ce2e0bc94e6c,26,
3b753670a0d0df2c35c7ce2e0bc94e6c,2,
3b753670a0d0df2c35c7ce2e0bc94e6c,23,
3b753670a0d0df2c35c7ce2e0bc94e6c,6,
3b753670a0d0df2c35c7ce2e0bc94e6c,-15,
3b753670a0d0df2c35c7ce2e0bc94e6c,13,
3b753670a0d0df2c35c7ce2e0bc94e6c,-26,
3b753670a0d0df2c35c7ce2e0bc94e6c,9,
3b753670a0d0df2c35c7ce2e0bc94e6c,-5,
3b753670a0d0df2c35c7ce2e0bc94e6c,-3,
3b753670a0d0df2c35c7ce2e0bc94e6c,-15,
3b753670a0d0df2c35c7ce2e0bc94e6c,16,
3b753670a0d0df2c35c7ce2e0bc94e6c,23,
3b753670a0d0df2c35c7ce2e0bc94e6c,-19,
3b753670a0d0df2c35c7ce2e0bc94e6c,-19,
3b753670a0d0df2c35c7ce2e0bc94e6c,-7,
3b753670a0d0df2c35c7ce2e0bc94e6c,-8,
3b753670a0d0df2c35c7ce2e0bc94e6c,-15,
3b753670a0d0df2c35c7ce2e0bc94e6c,9,
3b753670a0d0df2c35c7ce2e0bc94e6c,16,
3b753670a0d0df2c35c7ce2e0bc94e6c,26,
3b753670a0d0df2c35c7ce2e0bc94e6c,2,
3b753670a0d0df2c35c7ce2e0bc94e6c,23,
3b753670a0d0df2c35c7ce2e0bc94e6c,6,
3b753670a0d0df2c35c7ce2e0bc94e6c,-15,
3b753670a0d0df2c35c7ce2e0bc94e6c,18,
3b753670a0d0df2c35c7ce2e0bc94e6c,-26,
3b753670a0d0df2c35c7ce2e0bc94e6c,-15,
3b753670a0d0df2c35c7ce2e0bc94e6c,26,
3b753670a0d0df2c35c7ce2e0bc94e6c,20,
3b753670a0d0df2c35c7ce2e0bc94e6c,-15,
3b753670a0d0df2c35c7ce2e0bc94e6c,23,
3b753670a0d0df2c35c7ce2e0bc94e6c,-7,
56ccfaf0adead6f4c7236a01ca0cfbdc,53,
56ccfaf0adead6f4c7236a01ca0cfbdc,-73,
56ccfaf0adead6f4c7236a01ca0cfbdc,77,
56ccfaf0adead6f4c7236a01ca0cfbdc,-33,
56ccfaf0adead6f4c7236a01ca0cfbdc,90,
56ccfaf0adead6f4c7236a01ca0cfbdc,-49,
56ccfaf0adead6f4c7236a01ca0cfbdc,90,
56ccfaf0adead6f4c7236a01ca0cfbdc,-48,
56ccfaf0adead6f4c7236a01ca0cfbdc,-52,
56ccfaf0adead6f4c7236a01ca0cfbdc,70,
56ccfaf0adead6f4c7236a01ca0cfbdc,-75,
56ccfaf0adead6f4c7236a01ca0cfbdc,94,
56ccfaf0adead6f4c7236a01ca0cfbdc,-89,
56ccfaf0adead6f4c7236a01ca0cfbdc,90,
56ccfaf0adead6f4c7236a01ca0cfbdc,-24,
56ccfaf0adead6f4c7236a01ca0cfbdc,90,
56ccfaf0adead6f4c7236a01ca0cfbdc,70,
56ccfaf0adead6f4c7236a01ca0cfbdc,96,
56ccfaf0adead6f4c7236a01ca0cfbdc,-62,
56ccfaf0adead6f4c7236a01ca0cfbdc,-62,
56ccfaf0adead6f4c7236a01ca0cfbdc,53,
56ccfaf0adead6f4c7236a01ca0cfbdc,-73,
56ccfaf0adead6f4c7236a01ca0cfbdc,77,
56ccfaf0adead6f4c7236a01ca0cfbdc,-33,
56ccfaf0adead6f4c7236a01ca0cfbdc,90,
56ccfaf0adead6f4c7236a01ca0cfbdc,-49,
56ccfaf0adead6f4c7236a01ca0cfbdc,90,
56ccfaf0adead6f4c7236a01ca0cfbdc,-48,
56ccfaf0adead6f4c7236a01ca0cfbdc,-52,
56ccfaf0adead6f4c7236a01ca0cfbdc,70,
56ccfaf0adead6f4c7236a01ca0cfbdc,-75,
56ccfaf0adead6f4c7236a01ca0cfbdc,94,
56ccfaf0adead6f4c7236a01ca0cfbdc,-73,
56ccfaf0adead6f4c7236a01ca0cfbdc,-89,
56ccfaf0adead6f4c7236a01ca0cfbdc,90,
56ccfaf0adead6f4c7236a01ca0cfbdc,90,
56ccfaf0adead6f4c7236a01ca0cfbdc,-18,
56ccfaf0adead6f4c7236a01ca0cfbdc,65,
56ccfaf0adead6f4c7236a01ca0cfbdc,96,
56ccfaf0adead6f4c7236a01ca0cfbdc,-62,
598a55c8bf052d039d0fb4ff1a62f98a,86,
598a55c8bf052d039d0fb4ff1a62f98a,-155,
598a55c8bf052d039d0fb4ff1a62f98a,-82,
598a55c8bf052d039d0fb4ff1a62f98a,190,
598a55c8bf052d039d0fb4ff1a62f98a,-87,
598a55c8bf052d039d0fb4ff1a62f98a,113,
598a55c8bf052d039d0fb4ff1a62f98a,-43,
598a55c8bf052d039d0fb4ff1a62f98a,83,
598a55c8bf052d039d0fb4ff1a62f98a,92,
598a55c8bf052d039d0fb4ff1a62f98a,-142,
598a55c8bf052d039d0fb4ff1a62f98a,83,
598a55c8bf052d039d0fb4ff1a62f98a,70,
598a55c8bf052d039d0fb4ff1a62f98a,-155,
598a55c8bf052d039d0fb4ff1a62f98a,143,
598a55c8bf052d039d0fb4ff1a62f98a,-113,
598a55c8bf052d039d0fb4ff1a62f98a,190,
598a55c8bf052d039d0fb4ff1a62f98a,83,
598a55c8bf052d039d0fb4ff1a62f98a,-152,
598a55c8bf052d039d0fb4ff1a62f98a,-102,
598a55c8bf052d039d0fb4ff1a62f98a,-142,
598a55c8bf052d039d0fb4ff1a62f98a,86,
598a55c8bf052d039d0fb4ff1a62f98a,-155,
598a55c8bf052d039d0fb4ff1a62f98a,-82,
598a55c8bf052d039d0fb4ff1a62f98a,190,
598a55c8bf052d039d0fb4ff1a62f98a,-87,
598a55c8bf052d039d0fb4ff1a62f98a,113,
598a55c8bf052d039d0fb4ff1a62f98a,-43,
598a55c8bf052d039d0fb4ff1a62f98a,83,
598a55c8bf052d039d0fb4ff1a62f98a,92,
598a55c8bf052d039d0fb4ff1a62f98a,-142,
598a55c8bf052d039d0fb4ff1a62f98a,83,
598a55c8bf052d039d0fb4ff1a62f98a,70,
598a55c8bf052d039d0fb4ff1a62f98a,-155,
598a55c8bf052d039d0fb4ff1a62f98a,143,
598a55c8bf052d039d0fb4ff1a62f98a,-113,
598a55c8bf052d039d0fb4ff1a62f98a,190,
598a55c8bf052d039d0fb4ff1a62f98a,74,
598a55c8bf052d039d0fb4ff1a62f98a,-152,
598a55c8bf052d039d0fb4ff1a62f98a,-141,
598a55c8bf052d039d0fb4ff1a62f98a,-50,
7fad2269ee0d11ae5069ff23ecb25913,62,
7fad2269ee0d11ae5069ff23ecb25913,38,
7fad2269ee0d11ae5069ff23ecb25913,-75,
7fad2269ee0d11ae5069ff23ecb25913,60,
7fad2269ee0d11ae5069ff23ecb25913,76,
7fad2269ee0d11ae5069ff23ecb25913,62,
7fad2269ee0d11ae5069ff23ecb25913,-74,
7fad2269ee0d11ae5069ff23ecb25913,-76,
7fad2269ee0d11ae5069ff23ecb25913,-102,
7fad2269ee0d11ae5069ff23ecb25913,-71,
7fad2269ee0d11ae5069ff23ecb25913,84,
7fad2269ee0d11ae5069ff23ecb25913,80,
7fad2269ee0d11ae5069ff23ecb25913,30,
7fad2269ee0d11ae5069ff23ecb25913,-75,
7fad2269ee0d11ae5069ff23ecb25913,80,
7fad2269ee0d11ae5069ff23ecb25913,40,
7fad2269ee0d11ae5069ff23ecb25913,-73,
7fad2269ee0d11ae5069ff23ecb25913,-102,
7fad2269ee0d11ae5069ff23ecb25913,-71,
7fad2269ee0d11ae5069ff23ecb25913,-87,
7fad2269ee0d11ae5069ff23ecb25913,62,
7fad2269ee0d11ae5069ff23ecb25913,38,
7fad2269ee0d11ae5069ff23ecb25913,-75,
7fad2269ee0d11ae5069ff23ecb25913,60,
7fad2269ee0d11ae5069ff23ecb25913,76,
7fad2269ee0d11ae5069ff23ecb25913,62,
7fad2269ee0d11ae5069ff23ecb25913,-74,
7fad2269ee0d11ae5069ff23ecb25913,-76,
7fad2269ee0d11ae5069ff23ecb25913,-102,
7fad2269ee0d11ae5069ff23ecb25913,-71,
7fad2269ee0d11ae5069ff23ecb25913,84,
7fad2269ee0d11ae5069ff23ecb25913,80,
7fad2269ee0d11ae5069ff23ecb25913,80,
7fad2269ee0d11ae5069ff23ecb25913,60,
7fad2269ee0d11ae5069ff23ecb25913,76,
7fad2269ee0d11ae5069ff23ecb25913,-73,
7fad2269ee0d11ae5069ff23ecb25913,-74,
7fad2269ee0d11ae5069ff23ecb25913,-76,
7fad2269ee0d11ae5069ff23ecb25913,-102,
7fad2269ee0d11ae5069ff23ecb25913,-87,
87d1574f478f37d13789284b96b4f6cb,89,
87d1574f478f37d13789284b96b4f6cb,-68,
87d1574f478f37d13789284b96b4f6cb,50,
87d1574f478f37d13789284b96b4f6cb,-100,
87d1574f478f37d13789284b96b4f6cb,49,
87d1574f478f37d13789284b96b4f6cb,-44,
87d1574f478f37d13789284b96b4f6cb,42,
87d1574f478f37d13789284b96b4f6cb,51,
87d1574f478f37d13789284b96b4f6cb,-51,
87d1574f478f37d13789284b96b4f6cb,-80,
87d1574f478f37d13789284b96b4f6cb,89,
87d1574f478f37d13789284b96b4f6cb,78,
87d1574f478f37d13789284b96b4f6cb,-70,
87d1574f478f37d13789284b96b4f6cb,76,
87d1574f478f37d13789284b96b4f6cb,-82,
87d1574f478f37d13789284b96b4f6cb,-99,
87d1574f478f37d13789284b96b4f6cb,-72,
87d1574f478f37d13789284b96b4f6cb,-106,
87d1574f478f37d13789284b96b4f6cb,102,
87d1574f478f37d13789284b96b4f6cb,60,
87d1574f478f37d13789284b96b4f6cb,89,
87d1574f478f37d13789284b96b4f6cb,-68,
87d1574f478f37d13789284b96b4f6cb,50,
87d1574f478f37d13789284b96b4f6cb,-100,
87d1574f478f37d13789284b96b4f6cb,49,
87d1574f478f37d13789284b96b4f6cb,-44,
87d1574f478f37d13789284b96b4f6cb,42,
87d1574f478f37d13789284b96b4f6cb,51,
87d1574f478f37d13789284b96b4f6cb,-51,
87d1574f478f37d13789284b96b4f6cb,-80,
87d1574f478f37d13789284b96b4f6cb,89,
87d1574f478f37d13789284b96b4f6cb,-100,
87d1574f478f37d13789284b96b4f6cb,78,
87d1574f478f37d13789284b96b4f6cb,76,
87d1574f478f37d13789284b96b4f6cb,-82,
87d1574f478f37d13789284b96b4f6cb,-99,
87d1574f478f37d13789284b96b4f6cb,-72,
87d1574f478f37d13789284b96b4f6cb,-106,
87d1574f478f37d13789284b96b4f6cb,102,
87d1574f478f37d13789284b96b4f6cb,60,
88012a99d7fd1c169e2360aa5cdf8bfa,-45,
88012a99d7fd1c169e2360aa5cdf8bfa,-42,
88012a99d7fd1c169e2360aa5cdf8bfa,-59,
88012a99d7fd1c169e2360aa5cdf8bfa,39,
88012a99d7fd1c169e2360aa5cdf8bfa,26,
88012a99d7fd1c169e2360aa5cdf8bfa,37,
88012a99d7fd1c169e2360aa5cdf8bfa,-86,
88012a99d7fd1c169e2360aa5cdf8bfa,-49,
88012a99d7fd1c169e2360aa5cdf8bfa,31,
88012a99d7fd1c169e2360aa5cdf8bfa,49,
88012a99d7fd1c169e2360aa5cdf8bfa,-83,
88012a99d7fd1c169e2360aa5cdf8bfa,-65,
88012a99d7fd1c169e2360aa5cdf8bfa,49,
88012a99d7fd1c169e2360aa5cdf8bfa,67,
88012a99d7fd1c169e2360aa5cdf8bfa,-67,
88012a99d7fd1c169e2360aa5cdf8bfa,-49,
88012a99d7fd1c169e2360aa5cdf8bfa,-67,
88012a99d7fd1c169e2360aa5cdf8bfa,64,
88012a99d7fd1c169e2360aa5cdf8bfa,67,
88012a99d7fd1c169e2360aa5cdf8bfa,50,
88012a99d7fd1c169e2360aa5cdf8bfa,-45,
88012a99d7fd1c169e2360aa5cdf8bfa,-42,
88012a99d7fd1c169e2360aa5cdf8bfa,-59,
88012a99d7fd1c169e2360aa5cdf8bfa,39,
88012a99d7fd1c169e2360aa5cdf8bfa,26,
88012a99d7fd1c169e2360aa5cdf8bfa,37,
88012a99d7fd1c169e2360aa5cdf8bfa,-86,
88012a99d7fd1c169e2360aa5cdf8bfa,-49,
88012a99d7fd1c169e2360aa5cdf8bfa,31,
88012a99d7fd1c169e2360aa5cdf8bfa,49,
88012a99d7fd1c169e2360aa5cdf8bfa,-83,
88012a99d7fd1c169e2360aa5cdf8bfa,-45,
88012a99d7fd1c169e2360aa5cdf8bfa,67,
88012a99d7fd1c169e2360aa5cdf8bfa,-67,
88012a99d7fd1c169e2360aa5cdf8bfa,-86,
88012a99d7fd1c169e2360aa5cdf8bfa,-67,
88012a99d7fd1c169e2360aa5cdf8bfa,23,
88012a99d7fd1c169e2360aa5cdf8bfa,64,
88012a99d7fd1c169e2360aa5cdf8bfa,67,
88012a99d7fd1c169e2360aa5cdf8bfa,50,
896bcac9b0f35b250c9fb7a6325d8599,-72,
896bcac9b0f35b250c9fb7a6325d8599,-92,
896bcac9b0f35b250c9fb7a6325d8599,62,
896bcac9b0f35b250c9fb7a6325d8599,59,
896bcac9b0f35b250c9fb7a6325d8599,59,
896bcac9b0f35b250c9fb7a6325d8599,52,
896bcac9b0f35b250c9fb7a6325d8599,60,
896bcac9b0f35b250c9fb7a6325d8599,-56,
896bcac9b0f35b250c9fb7a6325d8599,-56,
896bcac9b0f35b250c9fb7a6325d8599,-107,
896bcac9b0f35b250c9fb7a6325d8599,-72,
896bcac9b0f35b250c9fb7a6325d8599,79,
896bcac9b0f35b250c9fb7a6325d8599,79,
896bcac9b0f35b250c9fb7a6325d8599,79,
896bcac9b0f35b250c9fb7a6325d8599,83,
896bcac9b0f35b250c9fb7a6325d8599,79,
896bcac9b0f35b250c9fb7a6325d8599,-107,
896bcac9b0f35b250c9fb7a6325d8599,-50,
896bcac9b0f35b250c9fb7a6325d8599,-55,
896bcac9b0f35b250c9fb7a6325d8599,-92,
896bcac9b0f35b250c9fb7a6325d8599,-72,
896bcac9b0f35b250c9fb7a6325d8599,-92,
896bcac9b0f35b250c9fb7a6325d8599,62,
896bcac9b0f35b250c9fb7a6325d8599,59,
896bcac9b0f35b250c9fb7a6325d8599,59,
896bcac9b0f35b250c9fb7a6325d8599,52,
896bcac9b0f35b250c9fb7a6325d8599,60,
896bcac9b0f35b250c9fb7a6325d8599,-56,
896bcac9b0f35b250c9fb7a6325d8599,-56,
896bcac9b0f35b250c9fb7a6325d8599,-107,
896bcac9b0f35b250c9fb7a6325d8599,79,
896bcac9b0f35b250c9fb7a6325d8599,79,
896bcac9b0f35b250c9fb7a6325d8599,79,
896bcac9b0f35b250c9fb7a6325d8599,83,
896bcac9b0f35b250c9fb7a6325d8599,79,
896bcac9b0f35b250c9fb7a6325d8599,-107,
896bcac9b0f35b250c9fb7a6325d8599,-50,
896bcac9b0f35b250c9fb7a6325d8599,-92,
896bcac9b0f35b250c9fb7a6325d8599,-69,
896bcac9b0f35b250c9fb7a6325d8599,-43,
8fd2943309c7accc78b41e047e1e9393,-14,
8fd2943309c7accc78b41e047e1e9393,-16,
8fd2943309c7accc78b41e047e1e9393,13,
8fd2943309c7accc78b41e047e1e9393,-15,
8fd2943309c7accc78b41e047e1e9393,12,
8fd2943309c7accc78b41e047e1e9393,14,
8fd2943309c7accc78b41e047e1e9393,-16,
8fd2943309c7accc78b41e047e1e9393,-15,
8fd2943309c7accc78b41e047e1e9393,19,
8fd2943309c7accc78b41e047e1e9393,17,
8fd2943309c7accc78b41e047e1e9393,-28,
8fd2943309c7accc78b41e047e1e9393,-30,
8fd2943309c7accc78b41e047e1e9393,7,
8fd2943309c7accc78b41e047e1e9393,23,
8fd2943309c7accc78b41e047e1e9393,-26,
8fd2943309c7accc78b41e047e1e9393,-36,
8fd2943309c7accc78b41e047e1e9393,21,
8fd2943309c7accc78b41e047e1e9393,14,
8fd2943309c7accc78b41e047e1e9393,-18,
8fd2943309c7accc78b41e047e1e9393,31,
8fd2943309c7accc78b41e047e1e9393,-14,
8fd2943309c7accc78b41e047e1e9393,-16,
8fd2943309c7accc78b41e047e1e9393,13,
8fd2943309c7accc78b41e047e1e9393,-15,
8fd2943309c7accc78b41e047e1e9393,12,
8fd2943309c7accc78b41e047e1e9393,14,
8fd2943309c7accc78b41e047e1e9393,-16,
8fd2943309c7accc78b41e047e1e9393,-15,
8fd2943309c7accc78b41e047e1e9393,19,
8fd2943309c7accc78b41e047e1e9393,17,
8fd2943309c7accc78b41e047e1e9393,-28,
8fd2943309c7accc78b41e047e1e9393,-30,
8fd2943309c7accc78b41e047e1e9393,23,
8fd2943309c7accc78b41e047e1e9393,-26,
8fd2943309c7accc78b41e047e1e9393,-36,
8fd2943309c7accc78b41e047e1e9393,12,
8fd2943309c7accc78b41e047e1e9393,21,
8fd2943309c7accc78b41e047e1e9393,14,
8fd2943309c7accc78b41e047e1e9393,-18,
8fd2943309c7accc78b41e047e1e9393,31,
8fd2943309c7accc78b41e047e1e9393,-14,
8fd2943309c7accc78b41e047e1e9393,-16,
8fd2943309c7accc78b41e047e1e9393,13,
8fd2943309c7accc78b41e047e1e9393,23,
8fd2943309c7accc78b41e047e1e9393,-15,
8fd2943309c7accc78b41e047e1e9393,-36,
8fd2943309c7accc78b41e047e1e9393,14,
8fd2943309c7accc78b41e047e1e9393,-16,
8fd2943309c7accc78b41e047e1e9393,19,
8fd2943309c7accc78b41e047e1e9393,17,
9db75b921076b5848cba7ca36436147c,94,
9db75b921076b5848cba7ca36436147c,-54,
9db75b921076b5848cba7ca36436147c,-99,
9db75b921076b5848cba7ca36436147c,49,
9db75b921076b5848cba7ca36436147c,-78,
9db75b921076b5848cba7ca36436147c,65,
9db75b921076b5848cba7ca36436147c,-30,
9db75b921076b5848cba7ca36436147c,-33,
9db75b921076b5848cba7ca36436147c,65,
9db75b921076b5848cba7ca36436147c,63,
9db75b921076b5848cba7ca36436147c,-72,
9db75b921076b5848cba7ca36436147c,-89,
9db75b921076b5848cba7ca36436147c,75,
9db75b921076b5848cba7ca36436147c,-78,
9db75b921076b5848cba7ca36436147c,29,
9db75b921076b5848cba7ca36436147c,-57,
9db75b921076b5848cba7ca36436147c,51,
9db75b921076b5848cba7ca36436147c,52,
9db75b921076b5848cba7ca36436147c,-59,
9db75b921076b5848cba7ca36436147c,51,
9db75b921076b5848cba7ca36436147c,94,
9db75b921076b5848cba7ca36436147c,-54,
9db75b921076b5848cba7ca36436147c,-99,
9db75b921076b5848cba7ca36436147c,49,
9db75b921076b5848cba7ca36436147c,-78,
9db75b921076b5848cba7ca36436147c,65,
9db75b921076b5848cba7ca36436147c,-30,
9db75b921076b5848cba7ca36436147c,-33,
9db75b921076b5848cba7ca36436147c,65,
9db75b921076b5848cba7ca36436147c,63,
9db75b921076b5848cba7ca36436147c,-72,
9db75b921076b5848cba7ca36436147c,-89,
9db75b921076b5848cba7ca36436147c,94,
9db75b921076b5848cba7ca36436147c,75,
9db75b921076b5848cba7ca36436147c,-99,
9db75b921076b5848cba7ca36436147c,-80,
9db75b921076b5848cba7ca36436147c,-57,
9db75b921076b5848cba7ca36436147c,51,
9db75b921076b5848cba7ca36436147c,52,
9db75b921076b5848cba7ca36436147c,51,
9dce47bc3cbabd451a9bab758ca5467f,24,
9dce47bc3cbabd451a9bab758ca5467f,6,
9dce47bc3cbabd451a9bab758ca5467f,16,
9dce47bc3cbabd451a9bab758ca5467f,24,
9dce47bc3cbabd451a9bab758ca5467f,14,
9dce47bc3cbabd451a9bab758ca5467f,-30,
9dce47bc3cbabd451a9bab758ca5467f,-15,
9dce47bc3cbabd451a9bab758ca5467f,-21,
9dce47bc3cbabd451a9bab758ca5467f,-21,
9dce47bc3cbabd451a9bab758ca5467f,-15,
9dce47bc3cbabd451a9bab758ca5467f,14,
9dce47bc3cbabd451a9bab758ca5467f,-16,
9dce47bc3cbabd451a9bab758ca5467f,21,
9dce47bc3cbabd451a9bab758ca5467f,-18,
9dce47bc3cbabd451a9bab758ca5467f,3,
9dce47bc3cbabd451a9bab758ca5467f,8,
9dce47bc3cbabd451a9bab758ca5467f,-12,
9dce47bc3cbabd451a9bab758ca5467f,23,
9dce47bc3cbabd451a9bab758ca5467f,-5,
9dce47bc3cbabd451a9bab758ca5467f,-21,
9dce47bc3cbabd451a9bab758ca5467f,24,
9dce47bc3cbabd451a9bab758ca5467f,24,
9dce47bc3cbabd451a9bab758ca5467f,14,
9dce47bc3cbabd451a9bab758ca5467f,-30,
9dce47bc3cbabd451a9bab758ca5467f,-15,
9dce47bc3cbabd451a9bab758ca5467f,8,
9dce47bc3cbabd451a9bab758ca5467f,23,
9dce47bc3cbabd451a9bab758ca5467f,-21,
9dce47bc3cbabd451a9bab758ca5467f,-21,
9dce47bc3cbabd451a9bab758ca5467f,-15,
9dce47bc3cbabd451a9bab758ca5467f,14,
9dce47bc3cbabd451a9bab758ca5467f,-16,
9dce47bc3cbabd451a9bab758ca5467f,21,
9dce47bc3cbabd451a9bab758ca5467f,-18,
9dce47bc3cbabd451a9bab758ca5467f,3,
9dce47bc3cbabd451a9bab758ca5467f,-8,
9dce47bc3cbabd451a9bab758ca5467f,10,
9dce47bc3cbabd451a9bab758ca5467f,23,
9dce47bc3cbabd451a9bab758ca5467f,-5,
9dce47bc3cbabd451a9bab758ca5467f,-21,
a109cef8327feae75c3e4885cb4c6e2d,35,
a109cef8327feae75c3e4885cb4c6e2d,30,
a109cef8327feae75c3e4885cb4c6e2d,-38,
a109cef8327feae75c3e4885cb4c6e2d,-38,
a109cef8327feae75c3e4885cb4c6e2d,22,
a109cef8327feae75c3e4885cb4c6e2d,-24,
a109cef8327feae75c3e4885cb4c6e2d,40,
a109cef8327feae75c3e4885cb4c6e2d,32,
a109cef8327feae75c3e4885cb4c6e2d,-41,
a109cef8327feae75c3e4885cb4c6e2d,-22,
a109cef8327feae75c3e4885cb4c6e2d,-22,
a109cef8327feae75c3e4885cb4c6e2d,-19,
a109cef8327feae75c3e4885cb4c6e2d,9,
a109cef8327feae75c3e4885cb4c6e2d,-38,
a109cef8327feae75c3e4885cb4c6e2d,40,
a109cef8327feae75c3e4885cb4c6e2d,15,
a109cef8327feae75c3e4885cb4c6e2d,-16,
a109cef8327feae75c3e4885cb4c6e2d,14,
a109cef8327feae75c3e4885cb4c6e2d,-19,
a109cef8327feae75c3e4885cb4c6e2d,13,
a109cef8327feae75c3e4885cb4c6e2d,35,
a109cef8327feae75c3e4885cb4c6e2d,30,
a109cef8327feae75c3e4885cb4c6e2d,-38,
a109cef8327feae75c3e4885cb4c6e2d,-38,
a109cef8327feae75c3e4885cb4c6e2d,22,
a109cef8327feae75c3e4885cb4c6e2d,-24,
a109cef8327feae75c3e4885cb4c6e2d,40,
a109cef8327feae75c3e4885cb4c6e2d,32,
a109cef8327feae75c3e4885cb4c6e2d,-41,
a109cef8327feae75c3e4885cb4c6e2d,-22,
a109cef8327feae75c3e4885cb4c6e2d,-22,
a109cef8327feae75c3e4885cb4c6e2d,-19,
a109cef8327feae75c3e4885cb4c6e2d,9,
a109cef8327feae75c3e4885cb4c6e2d,-38,
a109cef8327feae75c3e4885cb4c6e2d,40,
a109cef8327feae75c3e4885cb4c6e2d,15,
a109cef8327feae75c3e4885cb4c6e2d,-16,
a109cef8327feae75c3e4885cb4c6e2d,14,
a109cef8327feae75c3e4885cb4c6e2d,-19,
a109cef8327feae75c3e4885cb4c6e2d,13,
a32200385b4594cb11f8a19e92c96835,-9,
a32200385b4594cb11f8a19e92c96835,29,
a32200385b4594cb11f8a19e92c96835,-11,
a32200385b4594cb11f8a19e92c96835,16,
a32200385b4594cb11f8a19e92c96835,19,
a32200385b4594cb11f8a19e92c96835,-13,
a32200385b4594cb11f8a19e92c96835,-3,
a32200385b4594cb11f8a19e92c96835,39,
a32200385b4594cb11f8a19e92c96835,-18,
a32200385b4594cb11f8a19e92c96835,16,
a32200385b4594cb11f8a19e92c96835,10,
a32200385b4594cb11f8a19e92c96835,29,
a32200385b4594cb11f8a19e92c96835,20,
a32200385b4594cb11f8a19e92c96835,-23,
a32200385b4594cb11f8a19e92c96835,-13,
a32200385b4594cb11f8a19e92c96835,13,
a32200385b4594cb11f8a19e92c96835,-21,
a32200385b4594cb11f8a19e92c96835,6,
a32200385b4594cb11f8a19e92c96835,-16,
a32200385b4594cb11f8a19e92c96835,11,
a32200385b4594cb11f8a19e92c96835,-9,
a32200385b4594cb11f8a19e92c96835,29,
a32200385b4594cb11f8a19e92c96835,-11,
a32200385b4594cb11f8a19e92c96835,16,
a32200385b4594cb11f8a19e92c96835,19,
a32200385b4594cb11f8a19e92c96835,-13,
a32200385b4594cb11f8a19e92c96835,39,
a32200385b4594cb11f8a19e92c96835,-18,
a32200385b4594cb11f8a19e92c96835,16,
a32200385b4594cb11f8a19e92c96835,-16,
a32200385b4594cb11f8a19e92c96835,29,
a32200385b4594cb11f8a19e92c96835,20,
a32200385b4594cb11f8a19e92c96835,-23,
a32200385b4594cb11f8a19e92c96835,-13,
a32200385b4594cb11f8a19e92c96835,13,
a32200385b4594cb11f8a19e92c96835,-21,
a32200385b4594cb11f8a19e92c96835,39,
a32200385b4594cb11f8a19e92c96835,-16,
a32200385b4594cb11f8a19e92c96835,-19,
a32200385b4594cb11f8a19e92c96835,11,
a442eeb8e92d2941addba3996bd7d0a0,8,
a442eeb8e92d2941addba3996bd7d0a0,10,
a442eeb8e92d2941addba3996bd7d0a0,-4,
a442eeb8e92d2941addba3996bd7d0a0,0,
a442eeb8e92d2941addba3996bd7d0a0,0,
a442eeb8e92d2941addba3996bd7d0a0,-13,
a442eeb8e92d2941addba3996bd7d0a0,10,
a442eeb8e92d2941addba3996bd7d0a0,-5,
a442eeb8e92d2941addba3996bd7d0a0,0,
a442eeb8e92d2941addba3996bd7d0a0,-9,
a442eeb8e92d2941addba3996bd7d0a0,8,
a442eeb8e92d2941addba3996bd7d0a0,10,
a442eeb8e92d2941addba3996bd7d0a0,-4,
a442eeb8e92d2941addba3996bd7d0a0,-3,
a442eeb8e92d2941addba3996bd7d0a0,-12,
a442eeb8e92d2941addba3996bd7d0a0,15,
a442eeb8e92d2941addba3996bd7d0a0,8,
a442eeb8e92d2941addba3996bd7d0a0,4,
a442eeb8e92d2941addba3996bd7d0a0,-5,
a442eeb8e92d2941addba3996bd7d0a0,8,
a442eeb8e92d2941addba3996bd7d0a0,8,
a442eeb8e92d2941addba3996bd7d0a0,10,
a442eeb8e92d2941addba3996bd7d0a0,-4,
a442eeb8e92d2941addba3996bd7d0a0,0,
a442eeb8e92d2941addba3996bd7d0a0,0,
a442eeb8e92d2941addba3996bd7d0a0,-13,
a442eeb8e92d2941addba3996bd7d0a0,10,
a442eeb8e92d2941addba3996bd7d0a0,-5,
a442eeb8e92d2941addba3996bd7d0a0,0,
a442eeb8e92d2941addba3996bd7d0a0,-9,
a442eeb8e92d2941addba3996bd7d0a0,8,
a442eeb8e92d2941addba3996bd7d0a0,7,
a442eeb8e92d2941addba3996bd7d0a0,-4,
a442eeb8e92d2941addba3996bd7d0a0,-3,
a442eeb8e92d2941addba3996bd7d0a0,0,
a442eeb8e92d2941addba3996bd7d0a0,-12,
a442eeb8e92d2941addba3996bd7d0a0,15,
a442eeb8e92d2941addba3996bd7d0a0,8,
a442eeb8e92d2941addba3996bd7d0a0,-5,
a442eeb8e92d2941addba3996bd7d0a0,-9,
a55fe197c4ae19094a2303a950c7e70c,32,
a55fe197c4ae19094a2303a950c7e70c,-25,
a55fe197c4ae19094a2303a950c7e70c,6,
a55fe197c4ae19094a2303a950c7e70c,30,
a55fe197c4ae19094a2303a950c7e70c,51,
a55fe197c4ae19094a2303a950c7e70c,-18,
a55fe197c4ae19094a2303a950c7e70c,-49,
a55fe197c4ae19094a2303a950c7e70c,-28,
a55fe197c4ae19094a2303a950c7e70c,52,
a55fe197c4ae19094a2303a950c7e70c,-26,
a55fe197c4ae19094a2303a950c7e70c,-25,
a55fe197c4ae19094a2303a950c7e70c,49,
a55fe197c4ae19094a2303a950c7e70c,6,
a55fe197c4ae19094a2303a950c7e70c,-43,
a55fe197c4ae19094a2303a950c7e70c,-24,
a55fe197c4ae19094a2303a950c7e70c,46,
a55fe197c4ae19094a2303a950c7e70c,-49,
a55fe197c4ae19094a2303a950c7e70c,39,
a55fe197c4ae19094a2303a950c7e70c,-39,
a55fe197c4ae19094a2303a950c7e70c,60,
a55fe197c4ae19094a2303a950c7e70c,32,
a55fe197c4ae19094a2303a950c7e70c,-25,
a55fe197c4ae19094a2303a950c7e70c,30,
a55fe197c4ae19094a2303a950c7e70c,51,
a55fe197c4ae19094a2303a950c7e70c,-18,
a55fe197c4ae19094a2303a950c7e70c,37,
a55fe197c4ae19094a2303a950c7e70c,-49,
a55fe197c4ae19094a2303a950c7e70c,-28,
a55fe197c4ae19094a2303a950c7e70c,52,
a55fe197c4ae19094a2303a950c7e70c,-26,
a55fe197c4ae19094a2303a950c7e70c,32,
a55fe197c4ae19094a2303a950c7e70c,49,
a55fe197c4ae19094a2303a950c7e70c,-43,
a55fe197c4ae19094a2303a950c7e70c,-24,
a55fe197c4ae19094a2303a950c7e70c,46,
a55fe197c4ae19094a2303a950c7e70c,-37,
a55fe197c4ae19094a2303a950c7e70c,-49,
a55fe197c4ae19094a2303a950c7e70c,39,
a55fe197c4ae19094a2303a950c7e70c,-39,
a55fe197c4ae19094a2303a950c7e70c,60,
b2abcb6a29ed3d99db98084c96638bff,51,
b2abcb6a29ed3d99db98084c96638bff,50,
b2abcb6a29ed3d99db98084c96638bff,-46,
b2abcb6a29ed3d99db98084c96638bff,-24,
b2abcb6a29ed3d99db98084c96638bff,52,
b2abcb6a29ed3d99db98084c96638bff,57,
b2abcb6a29ed3d99db98084c96638bff,-36,
b2abcb6a29ed3d99db98084c96638bff,-26,
b2abcb6a29ed3d99db98084c96638bff,48,
b2abcb6a29ed3d99db98084c96638bff,-44,
b2abcb6a29ed3d99db98084c96638bff,59,
b2abcb6a29ed3d99db98084c96638bff,28,
b2abcb6a29ed3d99db98084c96638bff,-39,
b2abcb6a29ed3d99db98084c96638bff,-40,
b2abcb6a29ed3d99db98084c96638bff,-37,
b2abcb6a29ed3d99db98084c96638bff,81,
b2abcb6a29ed3d99db98084c96638bff,39,
b2abcb6a29ed3d99db98084c96638bff,-62,
b2abcb6a29ed3d99db98084c96638bff,51,
b2abcb6a29ed3d99db98084c96638bff,-56,
b2abcb6a29ed3d99db98084c96638bff,28,
b2abcb6a29ed3d99db98084c96638bff,51,
b2abcb6a29ed3d99db98084c96638bff,50,
b2abcb6a29ed3d99db98084c96638bff,-46,
b2abcb6a29ed3d99db98084c96638bff,-24,
b2abcb6a29ed3d99db98084c96638bff,52,
b2abcb6a29ed3d99db98084c96638bff,57,
b2abcb6a29ed3d99db98084c96638bff,-36,
b2abcb6a29ed3d99db98084c96638bff,-26,
b2abcb6a29ed3d99db98084c96638bff,-44,
b2abcb6a29ed3d99db98084c96638bff,59,
b2abcb6a29ed3d99db98084c96638bff,-28,
b2abcb6a29ed3d99db98084c96638bff,50,
b2abcb6a29ed3d99db98084c96638bff,-46,
b2abcb6a29ed3d99db98084c96638bff,63,
b2abcb6a29ed3d99db98084c96638bff,81,
b2abcb6a29ed3d99db98084c96638bff,48,
b2abcb6a29ed3d99db98084c96638bff,-21,
b2abcb6a29ed3d99db98084c96638bff,-56,
b2abcb6a29ed3d99db98084c96638bff,-44,
b2c59cbe723394436526560db23e6a93,-35,
b2c59cbe723394436526560db23e6a93,62,
b2c59cbe723394436526560db23e6a93,-19,
b2c59cbe723394436526560db23e6a93,-39,
b2c59cbe723394436526560db23e6a93,35,
b2c59cbe723394436526560db23e6a93,26,
b2c59cbe723394436526560db23e6a93,18,
b2c59cbe723394436526560db23e6a93,32,
b2c59cbe723394436526560db23e6a93,-28,
b2c59cbe723394436526560db23e6a93,-25,
b2c59cbe723394436526560db23e6a93,62,
b2c59cbe723394436526560db23e6a93,35,
b2c59cbe723394436526560db23e6a93,-39,
b2c59cbe723394436526560db23e6a93,41,
b2c59cbe723394436526560db23e6a93,-37,
b2c59cbe723394436526560db23e6a93,25,
b2c59cbe723394436526560db23e6a93,-33,
b2c59cbe723394436526560db23e6a93,15,
b2c59cbe723394436526560db23e6a93,-40,
b2c59cbe723394436526560db23e6a93,-30,
b2c59cbe723394436526560db23e6a93,-35,
b2c59cbe723394436526560db23e6a93,62,
b2c59cbe723394436526560db23e6a93,-19,
b2c59cbe723394436526560db23e6a93,-39,
b2c59cbe723394436526560db23e6a93,35,
b2c59cbe723394436526560db23e6a93,26,
b2c59cbe723394436526560db23e6a93,18,
b2c59cbe723394436526560db23e6a93,32,
b2c59cbe723394436526560db23e6a93,-28,
b2c59cbe723394436526560db23e6a93,-25,
b2c59cbe723394436526560db23e6a93,62,
b2c59cbe723394436526560db23e6a93,35,
b2c59cbe723394436526560db23e6a93,-26,
b2c59cbe723394436526560db23e6a93,41,
b2c59cbe723394436526560db23e6a93,-37,
b2c59cbe723394436526560db23e6a93,25,
b2c59cbe723394436526560db23e6a93,-33,
b2c59cbe723394436526560db23e6a93,33,
b2c59cbe723394436526560db23e6a93,-40,
b2c59cbe723394436526560db23e6a93,-30,
bd1f8947f5541c2fb22f6328a58f4fc6,17,
bd1f8947f5541c2fb22f6328a58f4fc6,-5,
bd1f8947f5541c2fb22f6328a58f4fc6,-10,
bd1f8947f5541c2fb22f6328a58f4fc6,13,
bd1f8947f5541c2fb22f6328a58f4fc6,-22,
bd1f8947f5541c2fb22f6328a58f4fc6,-15,
bd1f8947f5541c2fb22f6328a58f4fc6,-12,
bd1f8947f5541c2fb22f6328a58f4fc6,10,
bd1f8947f5541c2fb22f6328a58f4fc6,13,
bd1f8947f5541c2fb22f6328a58f4fc6,18,
bd1f8947f5541c2fb22f6328a58f4fc6,17,
bd1f8947f5541c2fb22f6328a58f4fc6,-10,
bd1f8947f5541c2fb22f6328a58f4fc6,0,
bd1f8947f5541c2fb22f6328a58f4fc6,14,
bd1f8947f5541c2fb22f6328a58f4fc6,-3,
bd1f8947f5541c2fb22f6328a58f4fc6,13,
bd1f8947f5541c2fb22f6328a58f4fc6,-15,
bd1f8947f5541c2fb22f6328a58f4fc6,-12,
bd1f8947f5541c2fb22f6328a58f4fc6,9,
bd1f8947f5541c2fb22f6328a58f4fc6,18,
bd1f8947f5541c2fb22f6328a58f4fc6,17,
bd1f8947f5541c2fb22f6328a58f4fc6,-5,
bd1f8947f5541c2fb22f6328a58f4fc6,-10,
bd1f8947f5541c2fb22f6328a58f4fc6,13,
bd1f8947f5541c2fb22f6328a58f4fc6,-22,
bd1f8947f5541c2fb22f6328a58f4fc6,-15,
bd1f8947f5541c2fb22f6328a58f4fc6,-12,
bd1f8947f5541c2fb22f6328a58f4fc6,10,
bd1f8947f5541c2fb22f6328a58f4fc6,13,
bd1f8947f5541c2fb22f6328a58f4fc6,18,
bd1f8947f5541c2fb22f6328a58f4fc6,17,
bd1f8947f5541c2fb22f6328a58f4fc6,-10,
bd1f8947f5541c2fb22f6328a58f4fc6,0,
bd1f8947f5541c2fb22f6328a58f4fc6,14,
bd1f8947f5541c2fb22f6328a58f4fc6,-3,
bd1f8947f5541c2fb22f6328a58f4fc6,-11,
bd1f8947f5541c2fb22f6328a58f4fc6,-12,
bd1f8947f5541c2fb22f6328a58f4fc6,9,
bd1f8947f5541c2fb22f6328a58f4fc6,18,
bd1f8947f5541c2fb22f6328a58f4fc6,12,
be5f61a5354154b3d7cba7536f189e2f,-13,
be5f61a5354154b3d7cba7536f189e2f,-13,
be5f61a5354154b3d7cba7536f189e2f,2,
be5f61a5354154b3d7cba7536f189e2f,8,
be5f61a5354154b3d7cba7536f189e2f,-18,
be5f61a5354154b3d7cba7536f189e2f,-15,
be5f61a5354154b3d7cba7536f189e2f,-15,
be5f61a5354154b3d7cba7536f189e2f,16,
be5f61a5354154b3d7cba7536f189e2f,8,
be5f61a5354154b3d7cba7536f189e2f,-1,
be5f61a5354154b3d7cba7536f189e2f,-9,
be5f61a5354154b3d7cba7536f189e2f,-13,
be5f61a5354154b3d7cba7536f189e2f,-13,
be5f61a5354154b3d7cba7536f189e2f,-18,
be5f61a5354154b3d7cba7536f189e2f,7,
be5f61a5354154b3d7cba7536f189e2f,-15,
be5f61a5354154b3d7cba7536f189e2f,24,
be5f61a5354154b3d7cba7536f189e2f,5,
be5f61a5354154b3d7cba7536f189e2f,-1,
be5f61a5354154b3d7cba7536f189e2f,6,
be5f61a5354154b3d7cba7536f189e2f,-13,
be5f61a5354154b3d7cba7536f189e2f,-13,
be5f61a5354154b3d7cba7536f189e2f,2,
be5f61a5354154b3d7cba7536f189e2f,8,
be5f61a5354154b3d7cba7536f189e2f,-18,
be5f61a5354154b3d7cba7536f189e2f,-15,
be5f61a5354154b3d7cba7536f189e2f,-15,
be5f61a5354154b3d7cba7536f189e2f,16,
be5f61a5354154b3d7cba7536f189e2f,8,
be5f61a5354154b3d7cba7536f189e2f,-1,
be5f61a5354154b3d7cba7536f189e2f,-9,
be5f61a5354154b3d7cba7536f189e2f,-28,
be5f61a5354154b3d7cba7536f189e2f,-13,
be5f61a5354154b3d7cba7536f189e2f,7,
be5f61a5354154b3d7cba7536f189e2f,24,
be5f61a5354154b3d7cba7536f189e2f,-16,
be5f61a5354154b3d7cba7536f189e2f,-12,
be5f61a5354154b3d7cba7536f189e2f,5,
be5f61a5354154b3d7cba7536f189e2f,-1,
be5f61a5354154b3d7cba7536f189e2f,6,
be5f61a5354154b3d7cba7536f189e2f,-9,
be5f61a5354154b3d7cba7536f189e2f,-13,
be5f61a5354154b3d7cba7536f189e2f,2,
be5f61a5354154b3d7cba7536f189e2f,8,
be5f61a5354154b3d7cba7536f189e2f,-18,
be5f61a5354154b3d7cba7536f189e2f,-13,
be5f61a5354154b3d7cba7536f189e2f,-15,
be5f61a5354154b3d7cba7536f189e2f,16,
be5f61a5354154b3d7cba7536f189e2f,8,
be5f61a5354154b3d7cba7536f189e2f,-1,
bfc4c8f688f511fb76f7fd82a3807f94,12,
bfc4c8f688f511fb76f7fd82a3807f94,9,
bfc4c8f688f511fb76f7fd82a3807f94,12,
bfc4c8f688f511fb76f7fd82a3807f94,-13,
bfc4c8f688f511fb76f7fd82a3807f94,23,
bfc4c8f688f511fb76f7fd82a3807f94,16,
bfc4c8f688f511fb76f7fd82a3807f94,-15,
bfc4c8f688f511fb76f7fd82a3807f94,-31,
bfc4c8f688f511fb76f7fd82a3807f94,-28,
bfc4c8f688f511fb76f7fd82a3807f94,-17,
bfc4c8f688f511fb76f7fd82a3807f94,12,
bfc4c8f688f511fb76f7fd82a3807f94,15,
bfc4c8f688f511fb76f7fd82a3807f94,31,
bfc4c8f688f511fb76f7fd82a3807f94,23,
bfc4c8f688f511fb76f7fd82a3807f94,-19,
bfc4c8f688f511fb76f7fd82a3807f94,23,
bfc4c8f688f511fb76f7fd82a3807f94,-28,
bfc4c8f688f511fb76f7fd82a3807f94,-14,
bfc4c8f688f511fb76f7fd82a3807f94,-14,
bfc4c8f688f511fb76f7fd82a3807f94,-29,
bfc4c8f688f511fb76f7fd82a3807f94,12,
bfc4c8f688f511fb76f7fd82a3807f94,9,
bfc4c8f688f511fb76f7fd82a3807f94,12,
bfc4c8f688f511fb76f7fd82a3807f94,-13,
bfc4c8f688f511fb76f7fd82a3807f94,23,
bfc4c8f688f511fb76f7fd82a3807f94,16,
bfc4c8f688f511fb76f7fd82a3807f94,-15,
bfc4c8f688f511fb76f7fd82a3807f94,-31,
bfc4c8f688f511fb76f7fd82a3807f94,-28,
bfc4c8f688f511fb76f7fd82a3807f94,-17,
bfc4c8f688f511fb76f7fd82a3807f94,9,
bfc4c8f688f511fb76f7fd82a3807f94,15,
bfc4c8f688f511fb76f7fd82a3807f94,-34,
bfc4c8f688f511fb76f7fd82a3807f94,31,
bfc4c8f688f511fb76f7fd82a3807f94,23,
bfc4c8f688f511fb76f7fd82a3807f94,23,
bfc4c8f688f511fb76f7fd82a3807f94,-19,
bfc4c8f688f511fb76f7fd82a3807f94,-28,
bfc4c8f688f511fb76f7fd82a3807f94,-22,
bfc4c8f688f511fb76f7fd82a3807f94,-29,
c005dbf89ef3fb55d6f0f0461ada5560,13,
c005dbf89ef3fb55d6f0f0461ada5560,-8,
c005dbf89ef3fb55d6f0f0461ada5560,17,
c005dbf89ef3fb55d6f0f0461ada5560,-8,
c005dbf89ef3fb55d6f0f0461ada5560,13,
c005dbf89ef3fb55d6f0f0461ada5560,-10,
c005dbf89ef3fb55d6f0f0461ada5560,-14,
c005dbf89ef3fb55d6f0f0461ada5560,-11,
c005dbf89ef3fb55d6f0f0461ada5560,6,
c005dbf89ef3fb55d6f0f0461ada5560,7,
c005dbf89ef3fb55d6f0f0461ada5560,16,
c005dbf89ef3fb55d6f0f0461ada5560,-8,
c005dbf89ef3fb55d6f0f0461ada5560,-6,
c005dbf89ef3fb55d6f0f0461ada5560,10,
c005dbf89ef3fb55d6f0f0461ada5560,-14,
c005dbf89ef3fb55d6f0f0461ada5560,2,
c005dbf89ef3fb55d6f0f0461ada5560,6,
c005dbf89ef3fb55d6f0f0461ada5560,-5,
c005dbf89ef3fb55d6f0f0461ada5560,-6,
c005dbf89ef3fb55d6f0f0461ada5560,3,
c005dbf89ef3fb55d6f0f0461ada5560,13,
c005dbf89ef3fb55d6f0f0461ada5560,-8,
c005dbf89ef3fb55d6f0f0461ada5560,17,
c005dbf89ef3fb55d6f0f0461ada5560,-8,
c005dbf89ef3fb55d6f0f0461ada5560,13,
c005dbf89ef3fb55d6f0f0461ada5560,-10,
c005dbf89ef3fb55d6f0f0461ada5560,-14,
c005dbf89ef3fb55d6f0f0461ada5560,-11,
c005dbf89ef3fb55d6f0f0461ada5560,6,
c005dbf89ef3fb55d6f0f0461ada5560,7,
c005dbf89ef3fb55d6f0f0461ada5560,16,
c005dbf89ef3fb55d6f0f0461ada5560,-8,
c005dbf89ef3fb55d6f0f0461ada5560,-6,
c005dbf89ef3fb55d6f0f0461ada5560,10,
c005dbf89ef3fb55d6f0f0461ada5560,-14,
c005dbf89ef3fb55d6f0f0461ada5560,2,
c005dbf89ef3fb55d6f0f0461ada5560,6,
c005dbf89ef3fb55d6f0f0461ada5560,-5,
c005dbf89ef3fb55d6f0f0461ada5560,-6,
c005dbf89ef3fb55d6f0f0461ada5560,3,
c18a10de1375b1f12aa17ef6cc540102,-30,
c18a10de1375b1f12aa17ef6cc540102,25,
c18a10de1375b1f12aa17ef6cc540102,66,
c18a10de1375b1f12aa17ef6cc540102,58,
c18a10de1375b1f12aa17ef6cc540102,-42,
c18a10de1375b1f12aa17ef6cc540102,38,
c18a10de1375b1f12aa17ef6cc540102,60,
c18a10de1375b1f12aa17ef6cc540102,-58,
c18a10de1375b1f12aa17ef6cc540102,-58,
c18a10de1375b1f12aa17ef6cc540102,-39,
c18a10de1375b1f12aa17ef6cc540102,53,
c18a10de1375b1f12aa17ef6cc540102,43,
c18a10de1375b1f12aa17ef6cc540102,-73,
c18a10de1375b1f12aa17ef6cc540102,66,
c18a10de1375b1f12aa17ef6cc540102,-9,
c18a10de1375b1f12aa17ef6cc540102,-24,
c18a10de1375b1f12aa17ef6cc540102,60,
c18a10de1375b1f12aa17ef6cc540102,-46,
c18a10de1375b1f12aa17ef6cc540102,31,
c18a10de1375b1f12aa17ef6cc540102,-36,
c18a10de1375b1f12aa17ef6cc540102,-30,
c18a10de1375b1f12aa17ef6cc540102,25,
c18a10de1375b1f12aa17ef6cc540102,66,
c18a10de1375b1f12aa17ef6cc540102,58,
c18a10de1375b1f12aa17ef6cc540102,-42,
c18a10de1375b1f12aa17ef6cc540102,38,
c18a10de1375b1f12aa17ef6cc540102,60,
c18a10de1375b1f12aa17ef6cc540102,-58,
c18a10de1375b1f12aa17ef6cc540102,-58,
c18a10de1375b1f12aa17ef6cc540102,-39,
c18a10de1375b1f12aa17ef6cc540102,53,
c18a10de1375b1f12aa17ef6cc540102,43,
c18a10de1375b1f12aa17ef6cc540102,-73,
c18a10de1375b1f12aa17ef6cc540102,66,
c18a10de1375b1f12aa17ef6cc540102,-42,
c18a10de1375b1f12aa17ef6cc540102,-24,
c18a10de1375b1f12aa17ef6cc540102,60,
c18a10de1375b1f12aa17ef6cc540102,-46,
c18a10de1375b1f12aa17ef6cc540102,31,
c18a10de1375b1f12aa17ef6cc540102,-58,
cc638bdf25316add638154b45434aebd,-5,
cc638bdf25316add638154b45434aebd,-9,
cc638bdf25316add638154b45434aebd,7,
cc638bdf25316add638154b45434aebd,12,
cc638bdf25316add638154b45434aebd,16,
cc638bdf25316add638154b45434aebd,-3,
cc638bdf25316add638154b45434aebd,-10,
cc638bdf25316add638154b45434aebd,-13,
cc638bdf25316add638154b45434aebd,8,
cc638bdf25316add638154b45434aebd,-1,
cc638bdf25316add638154b45434aebd,0,
cc638bdf25316add638154b45434aebd,7,
cc638bdf25316add638154b45434aebd,5,
cc638bdf25316add638154b45434aebd,12,
cc638bdf25316add638154b45434aebd,16,
cc638bdf25316add638154b45434aebd,1,
cc638bdf25316add638154b45434aebd,8,
cc638bdf25316add638154b45434aebd,-1,
cc638bdf25316add638154b45434aebd,-5,
cc638bdf25316add638154b45434aebd,2,
cc638bdf25316add638154b45434aebd,-5,
cc638bdf25316add638154b45434aebd,-9,
cc638bdf25316add638154b45434aebd,7,
cc638bdf25316add638154b45434aebd,12,
cc638bdf25316add638154b45434aebd,16,
cc638bdf25316add638154b45434aebd,-3,
cc638bdf25316add638154b45434aebd,-10,
cc638bdf25316add638154b45434aebd,-13,
cc638bdf25316add638154b45434aebd,8,
cc638bdf25316add638154b45434aebd,-1,
cc638bdf25316add638154b45434aebd,0,
cc638bdf25316add638154b45434aebd,7,
cc638bdf25316add638154b45434aebd,5,
cc638bdf25316add638154b45434aebd,12,
cc638bdf25316add638154b45434aebd,16,
cc638bdf25316add638154b45434aebd,-13,
cc638bdf25316add638154b45434aebd,8,
cc638bdf25316add638154b45434aebd,7,
cc638bdf25316add638154b45434aebd,-5,
cc638bdf25316add638154b45434aebd,2,
d0c6985ffc5f03ba09393699467a580a,18,
d0c6985ffc5f03ba09393699467a580a,-9,
d0c6985ffc5f03ba09393699467a580a,-18,
d0c6985ffc5f03ba09393699467a580a,20,
d0c6985ffc5f03ba09393699467a580a,22,
d0c6985ffc5f03ba09393699467a580a,-31,
d0c6985ffc5f03ba09393699467a580a,19,
d0c6985ffc5f03ba09393699467a580a,-24,
d0c6985ffc5f03ba09393699467a580a,17,
d0c6985ffc5f03ba09393699467a580a,-26,
d0c6985ffc5f03ba09393699467a580a,5,
d0c6985ffc5f03ba09393699467a580a,-27,
d0c6985ffc5f03ba09393699467a580a,20,
d0c6985ffc5f03ba09393699467a580a,-24,
d0c6985ffc5f03ba09393699467a580a,-31,
d0c6985ffc5f03ba09393699467a580a,17,
d0c6985ffc5f03ba09393699467a580a,17,
d0c6985ffc5f03ba09393699467a580a,-9,
d0c6985ffc5f03ba09393699467a580a,-1,
d0c6985ffc5f03ba09393699467a580a,-17,
d0c6985ffc5f03ba09393699467a580a,18,
d0c6985ffc5f03ba09393699467a580a,-9,
d0c6985ffc5f03ba09393699467a580a,-18,
d0c6985ffc5f03ba09393699467a580a,20,
d0c6985ffc5f03ba09393699467a580a,22,
d0c6985ffc5f03ba09393699467a580a,-31,
d0c6985ffc5f03ba09393699467a580a,19,
d0c6985ffc5f03ba09393699467a580a,-24,
d0c6985ffc5f03ba09393699467a580a,17,
d0c6985ffc5f03ba09393699467a580a,-26,
d0c6985ffc5f03ba09393699467a580a,5,
d0c6985ffc5f03ba09393699467a580a,-27,
d0c6985ffc5f03ba09393699467a580a,20,
d0c6985ffc5f03ba09393699467a580a,-24,
d0c6985ffc5f03ba09393699467a580a,-31,
d0c6985ffc5f03ba09393699467a580a,17,
d0c6985ffc5f03ba09393699467a580a,17,
d0c6985ffc5f03ba09393699467a580a,-26,
d0c6985ffc5f03ba09393699467a580a,-9,
d0c6985ffc5f03ba09393699467a580a,-1,
d3a00898abc790fd5643d05f996f05f6,1,
d3a00898abc790fd5643d05f996f05f6,-3,
d3a00898abc790fd5643d05f996f05f6,-13,
d3a00898abc790fd5643d05f996f05f6,5,
d3a00898abc790fd5643d05f996f05f6,3,
d3a00898abc790fd5643d05f996f05f6,-2,
d3a00898abc790fd5643d05f996f05f6,-2,
d3a00898abc790fd5643d05f996f05f6,15,
d3a00898abc790fd5643d05f996f05f6,4,
d3a00898abc790fd5643d05f996f05f6,1,
d3a00898abc790fd5643d05f996f05f6,-1,
d3a00898abc790fd5643d05f996f05f6,-8,
d3a00898abc790fd5643d05f996f05f6,-9,
d3a00898abc790fd5643d05f996f05f6,4,
d3a00898abc790fd5643d05f996f05f6,-3,
d3a00898abc790fd5643d05f996f05f6,-7,
d3a00898abc790fd5643d05f996f05f6,-2,
d3a00898abc790fd5643d05f996f05f6,-9,
d3a00898abc790fd5643d05f996f05f6,4,
d3a00898abc790fd5643d05f996f05f6,1,
d3a00898abc790fd5643d05f996f05f6,-3,
d3a00898abc790fd5643d05f996f05f6,-13,
d3a00898abc790fd5643d05f996f05f6,5,
d3a00898abc790fd5643d05f996f05f6,-2,
d3a00898abc790fd5643d05f996f05f6,-3,
d3a00898abc790fd5643d05f996f05f6,-2,
d3a00898abc790fd5643d05f996f05f6,-9,
d3a00898abc790fd5643d05f996f05f6,15,
d3a00898abc790fd5643d05f996f05f6,4,
d3a00898abc790fd5643d05f996f05f6,1,
d3a00898abc790fd5643d05f996f05f6,-1,
d3a00898abc790fd5643d05f996f05f6,-8,
d3a00898abc790fd5643d05f996f05f6,-9,
d3a00898abc790fd5643d05f996f05f6,-8,
d3a00898abc790fd5643d05f996f05f6,5,
d3a00898abc790fd5643d05f996f05f6,4,
d3a00898abc790fd5643d05f996f05f6,-7,
d3a00898abc790fd5643d05f996f05f6,-7,
d3a00898abc790fd5643d05f996f05f6,15,
d3a00898abc790fd5643d05f996f05f6,1,
d9eb042455c8f36574d3a52e678a8916,-22,
d9eb042455c8f36574d3a52e678a8916,-3,
d9eb042455c8f36574d3a52e678a8916,7,
d9eb042455c8f36574d3a52e678a8916,-4,
d9eb042455c8f36574d3a52e678a8916,8,
d9eb042455c8f36574d3a52e678a8916,-8,
d9eb042455c8f36574d3a52e678a8916,7,
d9eb042455c8f36574d3a52e678a8916,-13,
d9eb042455c8f36574d3a52e678a8916,8,
d9eb042455c8f36574d3a52e678a8916,11,
d9eb042455c8f36574d3a52e678a8916,-22,
d9eb042455c8f36574d3a52e678a8916,-3,
d9eb042455c8f36574d3a52e678a8916,-4,
d9eb042455c8f36574d3a52e678a8916,26,
d9eb042455c8f36574d3a52e678a8916,-8,
d9eb042455c8f36574d3a52e678a8916,-13,
d9eb042455c8f36574d3a52e678a8916,17,
d9eb042455c8f36574d3a52e678a8916,17,
d9eb042455c8f36574d3a52e678a8916,10,
d9eb042455c8f36574d3a52e678a8916,6,
d9eb042455c8f36574d3a52e678a8916,-22,
d9eb042455c8f36574d3a52e678a8916,-3,
d9eb042455c8f36574d3a52e678a8916,7,
d9eb042455c8f36574d3a52e678a8916,-4,
d9eb042455c8f36574d3a52e678a8916,8,
d9eb042455c8f36574d3a52e678a8916,-8,
d9eb042455c8f36574d3a52e678a8916,7,
d9eb042455c8f36574d3a52e678a8916,-13,
d9eb042455c8f36574d3a52e678a8916,8,
d9eb042455c8f36574d3a52e678a8916,11,
d9eb042455c8f36574d3a52e678a8916,-4,
d9eb042455c8f36574d3a52e678a8916,-7,
d9eb042455c8f36574d3a52e678a8916,8,
d9eb042455c8f36574d3a52e678a8916,-4,
d9eb042455c8f36574d3a52e678a8916,7,
d9eb042455c8f36574d3a52e678a8916,-13,
d9eb042455c8f36574d3a52e678a8916,17,
d9eb042455c8f36574d3a52e678a8916,-9,
d9eb042455c8f36574d3a52e678a8916,17,
d9eb042455c8f36574d3a52e678a8916,10,
dadcdbe527d9d72f8b0907796f7559cb,74,
dadcdbe527d9d72f8b0907796f7559cb,-77,
dadcdbe527d9d72f8b0907796f7559cb,45,
dadcdbe527d9d72f8b0907796f7559cb,57,
dadcdbe527d9d72f8b0907796f7559cb,60,
dadcdbe527d9d72f8b0907796f7559cb,80,
dadcdbe527d9d72f8b0907796f7559cb,-138,
dadcdbe527d9d72f8b0907796f7559cb,-132,
dadcdbe527d9d72f8b0907796f7559cb,-82,
dadcdbe527d9d72f8b0907796f7559cb,-80,
dadcdbe527d9d72f8b0907796f7559cb,74,
dadcdbe527d9d72f8b0907796f7559cb,-77,
dadcdbe527d9d72f8b0907796f7559cb,-147,
dadcdbe527d9d72f8b0907796f7559cb,-138,
dadcdbe527d9d72f8b0907796f7559cb,-143,
dadcdbe527d9d72f8b0907796f7559cb,-113,
dadcdbe527d9d72f8b0907796f7559cb,98,
dadcdbe527d9d72f8b0907796f7559cb,109,
dadcdbe527d9d72f8b0907796f7559cb,72,
dadcdbe527d9d72f8b0907796f7559cb,83,
dadcdbe527d9d72f8b0907796f7559cb,74,
dadcdbe527d9d72f8b0907796f7559cb,-77,
dadcdbe527d9d72f8b0907796f7559cb,45,
dadcdbe527d9d72f8b0907796f7559cb,57,
dadcdbe527d9d72f8b0907796f7559cb,60,
dadcdbe527d9d72f8b0907796f7559cb,80,
dadcdbe527d9d72f8b0907796f7559cb,-138,
dadcdbe527d9d72f8b0907796f7559cb,-132,
dadcdbe527d9d72f8b0907796f7559cb,-82,
dadcdbe527d9d72f8b0907796f7559cb,-80,
dadcdbe527d9d72f8b0907796f7559cb,80,
dadcdbe527d9d72f8b0907796f7559cb,-143,
dadcdbe527d9d72f8b0907796f7559cb,-113,
dadcdbe527d9d72f8b0907796f7559cb,-132,
dadcdbe527d9d72f8b0907796f7559cb,98,
dadcdbe527d9d72f8b0907796f7559cb,109,
dadcdbe527d9d72f8b0907796f7559cb,-82,
dadcdbe527d9d72f8b0907796f7559cb,72,
dadcdbe527d9d72f8b0907796f7559cb,-80,
dadcdbe527d9d72f8b0907796f7559cb,83,
dc9261160f28c7e28ffe11e9724aa2b3,-7,
dc9261160f28c7e28ffe11e9724aa2b3,10,
dc9261160f28c7e28ffe11e9724aa2b3,-16,
dc9261160f28c7e28ffe11e9724aa2b3,5,
dc9261160f28c7e28ffe11e9724aa2b3,1,
dc9261160f28c7e28ffe11e9724aa2b3,-21,
dc9261160f28c7e28ffe11e9724aa2b3,15,
dc9261160f28c7e28ffe11e9724aa2b3,10,
dc9261160f28c7e28ffe11e9724aa2b3,-15,
dc9261160f28c7e28ffe11e9724aa2b3,14,
dc9261160f28c7e28ffe11e9724aa2b3,-7,
dc9261160f28c7e28ffe11e9724aa2b3,1,
dc9261160f28c7e28ffe11e9724aa2b3,7,
dc9261160f28c7e28ffe11e9724aa2b3,-28,
dc9261160f28c7e28ffe11e9724aa2b3,20,
dc9261160f28c7e28ffe11e9724aa2b3,-17,
dc9261160f28c7e28ffe11e9724aa2b3,13,
dc9261160f28c7e28ffe11e9724aa2b3,-9,
dc9261160f28c7e28ffe11e9724aa2b3,20,
dc9261160f28c7e28ffe11e9724aa2b3,11,
dc9261160f28c7e28ffe11e9724aa2b3,-7,
dc9261160f28c7e28ffe11e9724aa2b3,10,
dc9261160f28c7e28ffe11e9724aa2b3,-16,
dc9261160f28c7e28ffe11e9724aa2b3,1,
dc9261160f28c7e28ffe11e9724aa2b3,-21,
dc9261160f28c7e28ffe11e9724aa2b3,7,
dc9261160f28c7e28ffe11e9724aa2b3,15,
dc9261160f28c7e28ffe11e9724aa2b3,10,
dc9261160f28c7e28ffe11e9724aa2b3,-15,
dc9261160f28c7e28ffe11e9724aa2b3,14,
dc9261160f28c7e28ffe11e9724aa2b3,-7,
dc9261160f28c7e28ffe11e9724aa2b3,1,
dc9261160f28c7e28ffe11e9724aa2b3,7,
dc9261160f28c7e28ffe11e9724aa2b3,-28,
dc9261160f28c7e28ffe11e9724aa2b3,20,
dc9261160f28c7e28ffe11e9724aa2b3,-17,
dc9261160f28c7e28ffe11e9724aa2b3,13,
dc9261160f28c7e28ffe11e9724aa2b3,-9,
dc9261160f28c7e28ffe11e9724aa2b3,20,
dc9261160f28c7e28ffe11e9724aa2b3,11,
dc9261160f28c7e28ffe11e9724aa2b3,-7,
dc9261160f28c7e28ffe11e9724aa2b3,10,
dc9261160f28c7e28ffe11e9724aa2b3,-16,
dc9261160f28c7e28ffe11e9724aa2b3,1,
dc9261160f28c7e28ffe11e9724aa2b3,-21,
dc9261160f28c7e28ffe11e9724aa2b3,20,
dc9261160f28c7e28ffe11e9724aa2b3,15,
dc9261160f28c7e28ffe11e9724aa2b3,13,
dc9261160f28c7e28ffe11e9724aa2b3,-15,
dc9261160f28c7e28ffe11e9724aa2b3,14,
dd4d15aab3b091546f9bf65b7f562f26,-22,
dd4d15aab3b091546f9bf65b7f562f26,-57,
dd4d15aab3b091546f9bf65b7f562f26,-40,
dd4d15aab3b091546f9bf65b7f562f26,42,
dd4d15aab3b091546f9bf65b7f562f26,48,
dd4d15aab3b091546f9bf65b7f562f26,81,
dd4d15aab3b091546f9bf65b7f562f26,22,
dd4d15aab3b091546f9bf65b7f562f26,43,
dd4d15aab3b091546f9bf65b7f562f26,-34,
dd4d15aab3b091546f9bf65b7f562f26,-41,
dd4d15aab3b091546f9bf65b7f562f26,45,
dd4d15aab3b091546f9bf65b7f562f26,54,
dd4d15aab3b091546f9bf65b7f562f26,-68,
dd4d15aab3b091546f9bf65b7f562f26,81,
dd4d15aab3b091546f9bf65b7f562f26,53,
dd4d15aab3b091546f9bf65b7f562f26,-16,
dd4d15aab3b091546f9bf65b7f562f26,-62,
dd4d15aab3b091546f9bf65b7f562f26,-34,
dd4d15aab3b091546f9bf65b7f562f26,26,
dd4d15aab3b091546f9bf65b7f562f26,-50,
dd4d15aab3b091546f9bf65b7f562f26,-22,
dd4d15aab3b091546f9bf65b7f562f26,-57,
dd4d15aab3b091546f9bf65b7f562f26,-40,
dd4d15aab3b091546f9bf65b7f562f26,42,
dd4d15aab3b091546f9bf65b7f562f26,48,
dd4d15aab3b091546f9bf65b7f562f26,81,
dd4d15aab3b091546f9bf65b7f562f26,22,
dd4d15aab3b091546f9bf65b7f562f26,43,
dd4d15aab3b091546f9bf65b7f562f26,-34,
dd4d15aab3b091546f9bf65b7f562f26,-41,
dd4d15aab3b091546f9bf65b7f562f26,45,
dd4d15aab3b091546f9bf65b7f562f26,-37,
dd4d15aab3b091546f9bf65b7f562f26,54,
dd4d15aab3b091546f9bf65b7f562f26,-68,
dd4d15aab3b091546f9bf65b7f562f26,46,
dd4d15aab3b091546f9bf65b7f562f26,81,
dd4d15aab3b091546f9bf65b7f562f26,53,
dd4d15aab3b091546f9bf65b7f562f26,-62,
dd4d15aab3b091546f9bf65b7f562f26,-54,
dd4d15aab3b091546f9bf65b7f562f26,-50,
ded7de5f5252e901151b00938ce580c1,-62,
ded7de5f5252e901151b00938ce580c1,-36,
ded7de5f5252e901151b00938ce580c1,-53,
ded7de5f5252e901151b00938ce580c1,25,
ded7de5f5252e901151b00938ce580c1,-51,
ded7de5f5252e901151b00938ce580c1,-48,
ded7de5f5252e901151b00938ce580c1,55,
ded7de5f5252e901151b00938ce580c1,76,
ded7de5f5252e901151b00938ce580c1,27,
ded7de5f5252e901151b00938ce580c1,35,
ded7de5f5252e901151b00938ce580c1,-62,
ded7de5f5252e901151b00938ce580c1,-38,
ded7de5f5252e901151b00938ce580c1,-69,
ded7de5f5252e901151b00938ce580c1,-40,
ded7de5f5252e901151b00938ce580c1,57,
ded7de5f5252e901151b00938ce580c1,-48,
ded7de5f5252e901151b00938ce580c1,57,
ded7de5f5252e901151b00938ce580c1,54,
ded7de5f5252e901151b00938ce580c1,72,
ded7de5f5252e901151b00938ce580c1,76,
ded7de5f5252e901151b00938ce580c1,-62,
ded7de5f5252e901151b00938ce580c1,-36,
ded7de5f5252e901151b00938ce580c1,-53,
ded7de5f5252e901151b00938ce580c1,25,
ded7de5f5252e901151b00938ce580c1,-51,
ded7de5f5252e901151b00938ce580c1,-48,
ded7de5f5252e901151b00938ce580c1,55,
ded7de5f5252e901151b00938ce580c1,76,
ded7de5f5252e901151b00938ce580c1,27,
ded7de5f5252e901151b00938ce580c1,35,
ded7de5f5252e901151b00938ce580c1,-62,
ded7de5f5252e901151b00938ce580c1,-69,
ded7de5f5252e901151b00938ce580c1,-40,
ded7de5f5252e901151b00938ce580c1,-53,
ded7de5f5252e901151b00938ce580c1,57,
ded7de5f5252e901151b00938ce580c1,57,
ded7de5f5252e901151b00938ce580c1,54,
ded7de5f5252e901151b00938ce580c1,72,
ded7de5f5252e901151b00938ce580c1,76,
ded7de5f5252e901151b00938ce580c1,-54,
e26fa57f2c5e83edc21e3f97b55cbecd,-44,
e26fa57f2c5e83edc21e3f97b55cbecd,-23,
e26fa57f2c5e83edc21e3f97b55cbecd,28,
e26fa57f2c5e83edc21e3f97b55cbecd,-45,
e26fa57f2c5e83edc21e3f97b55cbecd,102,
e26fa57f2c5e83edc21e3f97b55cbecd,43,
e26fa57f2c5e83edc21e3f97b55cbecd,67,
e26fa57f2c5e83edc21e3f97b55cbecd,48,
e26fa57f2c5e83edc21e3f97b55cbecd,-39,
e26fa57f2c5e83edc21e3f97b55cbecd,-44,
e26fa57f2c5e83edc21e3f97b55cbecd,-66,
e26fa57f2c5e83edc21e3f97b55cbecd,63,
e26fa57f2c5e83edc21e3f97b55cbecd,-23,
e26fa57f2c5e83edc21e3f97b55cbecd,-45,
e26fa57f2c5e83edc21e3f97b55cbecd,102,
e26fa57f2c5e83edc21e3f97b55cbecd,69,
e26fa57f2c5e83edc21e3f97b55cbecd,55,
e26fa57f2c5e83edc21e3f97b55cbecd,61,
e26fa57f2c5e83edc21e3f97b55cbecd,-64,
e26fa57f2c5e83edc21e3f97b55cbecd,-80,
e26fa57f2c5e83edc21e3f97b55cbecd,-44,
e26fa57f2c5e83edc21e3f97b55cbecd,-23,
e26fa57f2c5e83edc21e3f97b55cbecd,28,
e26fa57f2c5e83edc21e3f97b55cbecd,-45,
e26fa57f2c5e83edc21e3f97b55cbecd,102,
e26fa57f2c5e83edc21e3f97b55cbecd,43,
e26fa57f2c5e83edc21e3f97b55cbecd,67,
e26fa57f2c5e83edc21e3f97b55cbecd,48,
e26fa57f2c5e83edc21e3f97b55cbecd,-39,
e26fa57f2c5e83edc21e3f97b55cbecd,-44,
e26fa57f2c5e83edc21e3f97b55cbecd,-66,
e26fa57f2c5e83edc21e3f97b55cbecd,63,
e26fa57f2c5e83edc21e3f97b55cbecd,-45,
e26fa57f2c5e83edc21e3f97b55cbecd,-68,
e26fa57f2c5e83edc21e3f97b55cbecd,102,
e26fa57f2c5e83edc21e3f97b55cbecd,69,
e26fa57f2c5e83edc21e3f97b55cbecd,55,
e26fa57f2c5e83edc21e3f97b55cbecd,61,
e26fa57f2c5e83edc21e3f97b55cbecd,-64,
e26fa57f2c5e83edc21e3f97b55cbecd,-80,
e3ca2e93a38f7497b6f476c86f5b2136,39,
e3ca2e93a38f7497b6f476c86f5b2136,-19,
e3ca2e93a38f7497b6f476c86f5b2136,38,
e3ca2e93a38f7497b6f476c86f5b2136,38,
e3ca2e93a38f7497b6f476c86f5b2136,52,
e3ca2e93a38f7497b6f476c86f5b2136,-58,
e3ca2e93a38f7497b6f476c86f5b2136,-48,
e3ca2e93a38f7497b6f476c86f5b2136,39,
e3ca2e93a38f7497b6f476c86f5b2136,-24,
e3ca2e93a38f7497b6f476c86f5b2136,-41,
e3ca2e93a38f7497b6f476c86f5b2136,36,
e3ca2e93a38f7497b6f476c86f5b2136,39,
e3ca2e93a38f7497b6f476c86f5b2136,43,
e3ca2e93a38f7497b6f476c86f5b2136,42,
e3ca2e93a38f7497b6f476c86f5b2136,-42,
e3ca2e93a38f7497b6f476c86f5b2136,52,
e3ca2e93a38f7497b6f476c86f5b2136,-19,
e3ca2e93a38f7497b6f476c86f5b2136,-28,
e3ca2e93a38f7497b6f476c86f5b2136,-24,
e3ca2e93a38f7497b6f476c86f5b2136,-24,
e3ca2e93a38f7497b6f476c86f5b2136,39,
e3ca2e93a38f7497b6f476c86f5b2136,-19,
e3ca2e93a38f7497b6f476c86f5b2136,38,
e3ca2e93a38f7497b6f476c86f5b2136,38,
e3ca2e93a38f7497b6f476c86f5b2136,52,
e3ca2e93a38f7497b6f476c86f5b2136,-58,
e3ca2e93a38f7497b6f476c86f5b2136,-48,
e3ca2e93a38f7497b6f476c86f5b2136,39,
e3ca2e93a38f7497b6f476c86f5b2136,-24,
e3ca2e93a38f7497b6f476c86f5b2136,-41,
e3ca2e93a38f7497b6f476c86f5b2136,36,
e3ca2e93a38f7497b6f476c86f5b2136,39,
e3ca2e93a38f7497b6f476c86f5b2136,43,
e3ca2e93a38f7497b6f476c86f5b2136,42,
e3ca2e93a38f7497b6f476c86f5b2136,-42,
e3ca2e93a38f7497b6f476c86f5b2136,52,
e3ca2e93a38f7497b6f476c86f5b2136,-28,
e3ca2e93a38f7497b6f476c86f5b2136,-24,
e3ca2e93a38f7497b6f476c86f5b2136,-24,
e3ca2e93a38f7497b6f476c86f5b2136,-41,
e44e31fefaa028c1e9df1a71d4aff555,7,
e44e31fefaa028c1e9df1a71d4aff555,9,
e44e31fefaa028c1e9df1a71d4aff555,-14,
e44e31fefaa028c1e9df1a71d4aff555,-16,
e44e31fefaa028c1e9df1a71d4aff555,-9,
e44e31fefaa028c1e9df1a71d4aff555,7,
e44e31fefaa028c1e9df1a71d4aff555,-9,
e44e31fefaa028c1e9df1a71d4aff555,17,
e44e31fefaa028c1e9df1a71d4aff555,-11,
e44e31fefaa028c1e9df1a71d4aff555,1,
e44e31fefaa028c1e9df1a71d4aff555,19,
e44e31fefaa028c1e9df1a71d4aff555,16,
e44e31fefaa028c1e9df1a71d4aff555,-8,
e44e31fefaa028c1e9df1a71d4aff555,-22,
e44e31fefaa028c1e9df1a71d4aff555,-9,
e44e31fefaa028c1e9df1a71d4aff555,12,
e44e31fefaa028c1e9df1a71d4aff555,-8,
e44e31fefaa028c1e9df1a71d4aff555,23,
e44e31fefaa028c1e9df1a71d4aff555,-26,
e44e31fefaa028c1e9df1a71d4aff555,1,
e44e31fefaa028c1e9df1a71d4aff555,7,
e44e31fefaa028c1e9df1a71d4aff555,9,
e44e31fefaa028c1e9df1a71d4aff555,-14,
e44e31fefaa028c1e9df1a71d4aff555,-16,
e44e31fefaa028c1e9df1a71d4aff555,-9,
e44e31fefaa028c1e9df1a71d4aff555,7,
e44e31fefaa028c1e9df1a71d4aff555,-9,
e44e31fefaa028c1e9df1a71d4aff555,17,
e44e31fefaa028c1e9df1a71d4aff555,-11,
e44e31fefaa028c1e9df1a71d4aff555,1,
e44e31fefaa028c1e9df1a71d4aff555,19,
e44e31fefaa028c1e9df1a71d4aff555,16,
e44e31fefaa028c1e9df1a71d4aff555,-8,
e44e31fefaa028c1e9df1a71d4aff555,-14,
e44e31fefaa028c1e9df1a71d4aff555,-22,
e44e31fefaa028c1e9df1a71d4aff555,7,
e44e31fefaa028c1e9df1a71d4aff555,-9,
e44e31fefaa028c1e9df1a71d4aff555,12,
e44e31fefaa028c1e9df1a71d4aff555,23,
e44e31fefaa028c1e9df1a71d4aff555,-26,
f0332f91eb943b64b39ef28daf6639c5,67,
f0332f91eb943b64b39ef28daf6639c5,56,
f0332f91eb943b64b39ef28daf6639c5,64,
f0332f91eb943b64b39ef28daf6639c5,-91,
f0332f91eb943b64b39ef28daf6639c5,-60,
f0332f91eb943b64b39ef28daf6639c5,-60,
f0332f91eb943b64b39ef28daf6639c5,76,
f0332f91eb943b64b39ef28daf6639c5,-55,
f0332f91eb943b64b39ef28daf6639c5,67,
f0332f91eb943b64b39ef28daf6639c5,-89,
f0332f91eb943b64b39ef28daf6639c5,68,
f0332f91eb943b64b39ef28daf6639c5,75,
f0332f91eb943b64b39ef28daf6639c5,-91,
f0332f91eb943b64b39ef28daf6639c5,82,
f0332f91eb943b64b39ef28daf6639c5,-96,
f0332f91eb943b64b39ef28daf6639c5,-82,
f0332f91eb943b64b39ef28daf6639c5,127,
f0332f91eb943b64b39ef28daf6639c5,-52,
f0332f91eb943b64b39ef28daf6639c5,98,
f0332f91eb943b64b39ef28daf6639c5,-83,
f0332f91eb943b64b39ef28daf6639c5,67,
f0332f91eb943b64b39ef28daf6639c5,56,
f0332f91eb943b64b39ef28daf6639c5,64,
f0332f91eb943b64b39ef28daf6639c5,-91,
f0332f91eb943b64b39ef28daf6639c5,-60,
f0332f91eb943b64b39ef28daf6639c5,-60,
f0332f91eb943b64b39ef28daf6639c5,76,
f0332f91eb943b64b39ef28daf6639c5,-55,
f0332f91eb943b64b39ef28daf6639c5,67,
f0332f91eb943b64b39ef28daf6639c5,-52,
f0332f91eb943b64b39ef28daf6639c5,75,
f0332f91eb943b64b39ef28daf6639c5,-91,
f0332f91eb943b64b39ef28daf6639c5,76,
f0332f91eb943b64b39ef28daf6639c5,82,
f0332f91eb943b64b39ef28daf6639c5,-96,
f0332f91eb943b64b39ef28daf6639c5,-82,
f0332f91eb943b64b39ef28daf6639c5,127,
f0332f91eb943b64b39ef28daf6639c5,98,
f0332f91eb943b64b39ef28daf6639c5,-83,
f0332f91eb943b64b39ef28daf6639c5,-89,
f385e8caae86b6cb58ed3241c1278ce3,38,
f385e8caae86b6cb58ed3241c1278ce3,-36,
f385e8caae86b6cb58ed3241c1278ce3,-27,
f385e8caae86b6cb58ed3241c1278ce3,33,
f385e8caae86b6cb58ed3241c1278ce3,26,
f385e8caae86b6cb58ed3241c1278ce3,20,
f385e8caae86b6cb58ed3241c1278ce3,9,
f385e8caae86b6cb58ed3241c1278ce3,-29,
f385e8caae86b6cb58ed3241c1278ce3,-38,
f385e8caae86b6cb58ed3241c1278ce3,-27,
f385e8caae86b6cb58ed3241c1278ce3,-26,
f385e8caae86b6cb58ed3241c1278ce3,-36,
f385e8caae86b6cb58ed3241c1278ce3,32,
f385e8caae86b6cb58ed3241c1278ce3,21,
f385e8caae86b6cb58ed3241c1278ce3,33,
f385e8caae86b6cb58ed3241c1278ce3,23,
f385e8caae86b6cb58ed3241c1278ce3,28,
f385e8caae86b6cb58ed3241c1278ce3,-27,
f385e8caae86b6cb58ed3241c1278ce3,-19,
f385e8caae86b6cb58ed3241c1278ce3,-26,
f385e8caae86b6cb58ed3241c1278ce3,38,
f385e8caae86b6cb58ed3241c1278ce3,-36,
f385e8caae86b6cb58ed3241c1278ce3,-27,
f385e8caae86b6cb58ed3241c1278ce3,33,
f385e8caae86b6cb58ed3241c1278ce3,26,
f385e8caae86b6cb58ed3241c1278ce3,20,
f385e8caae86b6cb58ed3241c1278ce3,9,
f385e8caae86b6cb58ed3241c1278ce3,-29,
f385e8caae86b6cb58ed3241c1278ce3,-38,
f385e8caae86b6cb58ed3241c1278ce3,-27,
f385e8caae86b6cb58ed3241c1278ce3,-26,
f385e8caae86b6cb58ed3241c1278ce3,-36,
f385e8caae86b6cb58ed3241c1278ce3,32,
f385e8caae86b6cb58ed3241c1278ce3,21,
f385e8caae86b6cb58ed3241c1278ce3,33,
f385e8caae86b6cb58ed3241c1278ce3,23,
f385e8caae86b6cb58ed3241c1278ce3,28,
f385e8caae86b6cb58ed3241c1278ce3,-27,
f385e8caae86b6cb58ed3241c1278ce3,-38,
f385e8caae86b6cb58ed3241c1278ce3,-26,
fdeb2950c4d5209d449ebd2d6afac11e,-27,
fdeb2950c4d5209d449ebd2d6afac11e,23,
fdeb2950c4d5209d449ebd2d6afac11e,-12,
fdeb2950c4d5209d449ebd2d6afac11e,-44,
fdeb2950c4d5209d449ebd2d6afac11e,-22,
fdeb2950c4d5209d449ebd2d6afac11e,29,
fdeb2950c4d5209d449ebd2d6afac11e,22,
fdeb2950c4d5209d449ebd2d6afac11e,23,
fdeb2950c4d5209d449ebd2d6afac11e,12,
fdeb2950c4d5209d449ebd2d6afac11e,-30,
fdeb2950c4d5209d449ebd2d6afac11e,20,
fdeb2950c4d5209d449ebd2d6afac11e,-22,
fdeb2950c4d5209d449ebd2d6afac11e,22,
fdeb2950c4d5209d449ebd2d6afac11e,23,
fdeb2950c4d5209d449ebd2d6afac11e,-27,
fdeb2950c4d5209d449ebd2d6afac11e,31,
fdeb2950c4d5209d449ebd2d6afac11e,28,
fdeb2950c4d5209d449ebd2d6afac11e,-30,
fdeb2950c4d5209d449ebd2d6afac11e,-39,
fdeb2950c4d5209d449ebd2d6afac11e,-25,
fdeb2950c4d5209d449ebd2d6afac11e,-27,
fdeb2950c4d5209d449ebd2d6afac11e,23,
fdeb2950c4d5209d449ebd2d6afac11e,-12,
fdeb2950c4d5209d449ebd2d6afac11e,-44,
fdeb2950c4d5209d449ebd2d6afac11e,-22,
fdeb2950c4d5209d449ebd2d6afac11e,29,
fdeb2950c4d5209d449ebd2d6afac11e,22,
fdeb2950c4d5209d449ebd2d6afac11e,23,
fdeb2950c4d5209d449ebd2d6afac11e,12,
fdeb2950c4d5209d449ebd2d6afac11e,-30,
fdeb2950c4d5209d449ebd2d6afac11e,20,
fdeb2950c4d5209d449ebd2d6afac11e,-44,
fdeb2950c4d5209d449ebd2d6afac11e,-22,
fdeb2950c4d5209d449ebd2d6afac11e,22,
fdeb2950c4d5209d449ebd2d6afac11e,23,
fdeb2950c4d5209d449ebd2d6afac11e,-27,
fdeb2950c4d5209d449ebd2d6afac11e,31,
fdeb2950c4d5209d449ebd2d6afac11e,28,
fdeb2950c4d5209d449ebd2d6afac11e,-30,
fdeb2950c4d5209d449ebd2d6afac11e,-39,
